country_name,country_code,year,value
Afghanistan,AFG,1990,NA
Albania,ALB,1990,2028553750
Algeria,DZA,1990,62045099642.7774
American Samoa,ASM,1990,NA
Andorra,AND,1990,1029048481.88051
Angola,AGO,1990,11228764963.1618
Antigua and Barbuda,ATG,1990,459469058.888889
Argentina,ARG,1990,141352368714.691
Armenia,ARM,1990,2256838858.42714
Aruba,ABW,1990,764887117.194486
Australia,AUS,1990,310777222008.465
Austria,AUT,1990,166463386663.439
Azerbaijan,AZE,1990,8858006035.91566
"Bahamas, The",BHS,1990,3166000000
Bahrain,BHR,1990,4229787234.04255
Bangladesh,BGD,1990,31598341233.559
Barbados,BRB,1990,2023318251.8769
Belarus,BLR,1990,21650000000
Belgium,BEL,1990,205331747706.422
Belize,BLZ,1990,412086445.492177
Benin,BEN,1990,1959965243.76269
Bermuda,BMU,1990,1592400000
Bhutan,BTN,1990,299787275.842376
Bolivia,BOL,1990,4867582620.20708
Bosnia and Herzegovina,BIH,1990,NA
Botswana,BWA,1990,3790567051.86778
Brazil,BRA,1990,461951782000
British Virgin Islands,VGB,1990,NA
Brunei Darussalam,BRN,1990,3520551724.13793
Bulgaria,BGR,1990,20632090909.0909
Burkina Faso,BFA,1990,3101301780.95067
Burundi,BDI,1990,1132101252.51817
Cabo Verde,CPV,1990,306891107.262039
Cambodia,KHM,1990,NA
Cameroon,CMR,1990,11151578050.7356
Canada,CAN,1990,593929550908.468
Cayman Islands,CYM,1990,NA
Central African Republic,CAF,1990,1440711395.67069
Chad,TCD,1990,1738605558.05432
Channel Islands,CHI,1990,NA
Chile,CHL,1990,33113887817.9731
China,CHN,1990,360857912565.966
Colombia,COL,1990,47844090709.9908
Comoros,COM,1990,429622147.743446
"Congo, Dem. Rep.",COD,1990,9349764580.36997
"Congo, Rep.",COG,1990,2798746050.58228
Costa Rica,CRI,1990,5711687786.75989
Cote d'Ivoire,CIV,1990,10795850106.9547
Croatia,HRV,1990,NA
Cuba,CUB,1990,28645436569.1489
Curacao,CUW,1990,NA
Cyprus,CYP,1990,5591130217.66965
Czech Republic,CZE,1990,40477403219.5176
Denmark,DNK,1990,138247285815.855
Djibouti,DJI,1990,452328087.282876
Dominica,DMA,1990,201428730
Dominican Republic,DOM,1990,7073675544.80847
Ecuador,ECU,1990,15239278100.3502
"Egypt, Arab Rep.",EGY,1990,42978914311.3504
El Salvador,SLV,1990,4817542204.02673
Equatorial Guinea,GNQ,1990,112119406.548331
Eritrea,ERI,1990,NA
Estonia,EST,1990,NA
Eswatini,SWZ,1990,1114703088.1614
Ethiopia,ETH,1990,12175166763.285
Faroe Islands,FRO,1990,NA
Fiji,FJI,1990,1337024782.22702
Finland,FIN,1990,141438345513.917
France,FRA,1990,1269179616913.63
French Polynesia,PYF,1990,3181206304.81549
Gabon,GAB,1990,5952293765.84468
"Gambia, The",GMB,1990,317083373.524559
Georgia,GEO,1990,7753501867.76095
Germany,DEU,1990,1771671207359.88
Ghana,GHA,1990,5889174825.487
Gibraltar,GIB,1990,NA
Greece,GRC,1990,97891090928.6328
Greenland,GRL,1990,1018970364.86443
Grenada,GRD,1990,278098762.962963
Guam,GUM,1990,NA
Guatemala,GTM,1990,7650125217.35253
Guinea,GIN,1990,2666616176.91609
Guinea-Bissau,GNB,1990,243961995.509785
Guyana,GUY,1990,396582263.291139
Haiti,HTI,1990,3096289800
Honduras,HND,1990,4923009551.51561
"Hong Kong SAR, China",HKG,1990,76928290841.8701
Hungary,HUN,1990,NA
Iceland,ISL,1990,6478459746.96228
India,IND,1990,320979026419.633
Indonesia,IDN,1990,106140727357.035
"Iran, Islamic Rep.",IRN,1990,124813263926.246
Iraq,IRQ,1990,179885815374.719
Ireland,IRL,1990,49364679953.1067
Isle of Man,IMN,1990,NA
Israel,ISR,1990,59011278705.5248
Italy,ITA,1990,1181222652714.93
Jamaica,JAM,1990,4592224067.37194
Japan,JPN,1990,3132817652848.04
Jordan,JOR,1990,4160003917.43258
Kazakhstan,KAZ,1990,26932728898.8146
Kenya,KEN,1990,8572359162.85631
Kiribati,KIR,1990,39809538.6776989
"Korea, Dem. People’s Rep.",PRK,1990,NA
"Korea, Rep.",KOR,1990,279349355713.801
Kosovo,XKX,1990,NA
Kuwait,KWT,1990,18427777777.7778
Kyrgyz Republic,KGZ,1990,2675000000
Lao PDR,LAO,1990,865559856.1639
Latvia,LVA,1990,NA
Lebanon,LBN,1990,2838485353.96187
Lesotho,LSO,1990,596415104.549144
Liberia,LBR,1990,NA
Libya,LBY,1990,28901836158.1921
Liechtenstein,LIE,1990,1421466239.56234
Lithuania,LTU,1990,NA
Luxembourg,LUX,1990,13229247947.8513
"Macao SAR, China",MAC,1990,3220920084.77746
Madagascar,MDG,1990,3081479800.28769
Malawi,MWI,1990,1880771556.30474
Malaysia,MYS,1990,44024178343.0071
Maldives,MDV,1990,215089005.235602
Mali,MLI,1990,2681912030.49384
Malta,MLT,1990,2547163582.33149
Marshall Islands,MHL,1990,78476000
Mauritania,MRT,1990,1019600785.27212
Mauritius,MUS,1990,2653480001.34558
Mexico,MEX,1990,261253582805.945
"Micronesia, Fed. Sts.",FSM,1990,147200000
Moldova,MDA,1990,NA
Monaco,MCO,1990,2481316053.85316
Mongolia,MNG,1990,2560785660
Montenegro,MNE,1990,NA
Morocco,MAR,1990,30180108561.9305
Mozambique,MOZ,1990,NA
Myanmar,MMR,1990,NA
Namibia,NAM,1990,2785764518.01845
Nauru,NRU,1990,NA
Nepal,NPL,1990,3627562402.66027
Netherlands,NLD,1990,318330511920.61
New Caledonia,NCL,1990,2529310103.83608
New Zealand,NZL,1990,45495129385.0475
Nicaragua,NIC,1990,1009455483.87097
Niger,NER,1990,2480673194.99252
Nigeria,NGA,1990,54035795388.0915
North Macedonia,MKD,1990,4699646643.10954
Northern Mariana Islands,MNP,1990,NA
Norway,NOR,1990,119791683307.507
Oman,OMN,1990,11685045513.6541
Pakistan,PAK,1990,40010424928.715
Palau,PLW,1990,NA
Panama,PAN,1990,6433967000
Papua New Guinea,PNG,1990,3219730364.99623
Paraguay,PRY,1990,5812114523.02702
Peru,PER,1990,26410386669.3609
Philippines,PHL,1990,44311593755.7845
Poland,POL,1990,65977748210.5263
Portugal,PRT,1990,78713859794.6843
Puerto Rico,PRI,1990,30603919000
Qatar,QAT,1990,7360439423.07692
Romania,ROU,1990,38995454545.4545
Russian Federation,RUS,1990,516814274021.956
Rwanda,RWA,1990,2550185618.14774
Samoa,WSM,1990,125766269.755358
San Marino,SMR,1990,NA
Sao Tome and Principe,STP,1990,NA
Saudi Arabia,SAU,1990,117630271802.403
Senegal,SEN,1990,7237100724.34196
Serbia,SRB,1990,NA
Seychelles,SYC,1990,368584758.942457
Sierra Leone,SLE,1990,649644826.800447
Singapore,SGP,1990,36144336768.7023
Sint Maarten (Dutch part),SXM,1990,NA
Slovak Republic,SVK,1990,12747380523.1082
Slovenia,SVN,1990,18198205508.4746
Solomon Islands,SLB,1990,302515026.890225
Somalia,SOM,1990,917044228.012679
South Africa,ZAF,1990,115552349035.441
South Sudan,SSD,1990,NA
Spain,ESP,1990,536558591903.363
Sri Lanka,LKA,1990,8032551173.24014
St. Kitts and Nevis,KNA,1990,217258907.777778
St. Lucia,LCA,1990,518433324.814815
St. Martin (French part),MAF,1990,NA
St. Vincent and the Grenadines,VCT,1990,240365262.592593
Sudan,SDN,1990,12408647540.9836
Suriname,SUR,1990,388400000
Sweden,SWE,1990,259702295566.669
Switzerland,CHE,1990,258066552980.132
Syrian Arab Republic,SYR,1990,12308624283.9787
Tajikistan,TJK,1990,2629395066.27017
Tanzania,TZA,1990,4258743262.82876
Thailand,THA,1990,85343063965.9182
Timor-Leste,TLS,1990,NA
Togo,TGO,1990,1628427515.41881
Tonga,TON,1990,113563821.577404
Trinidad and Tobago,TTO,1990,5068000000
Tunisia,TUN,1990,12290568181.8182
Turkey,TUR,1990,150676291094.21
Turkmenistan,TKM,1990,3189539641.3171
Turks and Caicos Islands,TCA,1990,NA
Tuvalu,TUV,1990,8824447.74022325
Uganda,UGA,1990,4304398865.88268
Ukraine,UKR,1990,81456918678.5008
United Arab Emirates,ARE,1990,50701443748.2975
United Kingdom,GBR,1990,1093169389204.55
United States,USA,1990,5963144000000
Uruguay,URY,1990,9298839655.23139
Uzbekistan,UZB,1990,13360607917.8773
Vanuatu,VUT,1990,158397403.041175
"Venezuela, RB",VEN,1990,48598315565.032
Vietnam,VNM,1990,6471740805.56984
Virgin Islands (U.S.),VIR,1990,NA
West Bank and Gaza,PSE,1990,NA
"Yemen, Rep.",YEM,1990,5647119229.00763
Zambia,ZMB,1990,3285217391.30435
Zimbabwe,ZWE,1990,8783816700
Afghanistan,AFG,2000,NA
Albania,ALB,2000,3480355188.60063
Algeria,DZA,2000,54786074940.2073
American Samoa,ASM,2000,NA
Andorra,AND,2000,1434429703.33518
Angola,AGO,2000,9129594818.60749
Antigua and Barbuda,ATG,2000,830158777.777778
Argentina,ARG,2000,284203750000
Armenia,ARM,2000,1911563665.39006
Aruba,ABW,2000,1873452513.96648
Australia,AUS,2000,415222633925.768
Austria,AUT,2000,196799778883.361
Azerbaijan,AZE,2000,5272617196.04517
"Bahamas, The",BHS,2000,8076470000
Bahrain,BHR,2000,9062898936.17021
Bangladesh,BGD,2000,53369787318.6245
Barbados,BRB,2000,3121500000
Belarus,BLR,2000,12736856827.9847
Belgium,BEL,2000,236204532891.1
Belize,BLZ,2000,832072450
Benin,BEN,2000,2569186642.86999
Bermuda,BMU,2000,3480219000
Bhutan,BTN,2000,424464088.997862
Bolivia,BOL,2000,8397912509.09679
Bosnia and Herzegovina,BIH,2000,5505887894.48893
Botswana,BWA,2000,5788329609.15755
Brazil,BRA,2000,655420645476.906
British Virgin Islands,VGB,2000,NA
Brunei Darussalam,BRN,2000,6001153306.2645
Bulgaria,BGR,2000,13153016530.8718
Burkina Faso,BFA,2000,2628920056.10098
Burundi,BDI,2000,870486065.883137
Cabo Verde,CPV,2000,539227277.626411
Cambodia,KHM,2000,3677897739.07628
Cameroon,CMR,2000,10083937740.0624
Canada,CAN,2000,742295468318.632
Cayman Islands,CYM,2000,NA
Central African Republic,CAF,2000,914500299.097034
Chad,TCD,2000,1385058161.76746
Channel Islands,CHI,2000,6439703434.71024
Chile,CHL,2000,77860932151.8471
China,CHN,2000,1211346869605.24
Colombia,COL,2000,99886577330.7271
Comoros,COM,2000,350264287.687331
"Congo, Dem. Rep.",COD,2000,19088046305.7971
"Congo, Rep.",COG,2000,3219910550.39332
Costa Rica,CRI,2000,14949514493.332
Cote d'Ivoire,CIV,2000,10717022462.6859
Croatia,HRV,2000,21669159307.5371
Cuba,CUB,2000,30565400000
Curacao,CUW,2000,NA
Cyprus,CYP,2000,9985844486.33365
Czech Republic,CZE,2000,61649492816.5201
Denmark,DNK,2000,164158739097.623
Djibouti,DJI,2000,551230861.856505
Dominica,DMA,2000,333468888.888889
Dominican Republic,DOM,2000,24305116729.1851
Ecuador,ECU,2000,18327764882.4412
"Egypt, Arab Rep.",EGY,2000,99838543960.0763
El Salvador,SLV,2000,11784927700
Equatorial Guinea,GNQ,2000,1045998496.43872
Eritrea,ERI,2000,706370815.584416
Estonia,EST,2000,5694069842.43988
Eswatini,SWZ,2000,1738100848.09721
Ethiopia,ETH,2000,8242392103.68061
Faroe Islands,FRO,2000,1058702725.4395
Fiji,FJI,2000,1684109743.49338
Finland,FIN,2000,125706651925.557
France,FRA,2000,1362248940482.77
French Polynesia,PYF,2000,3447543137.9415
Gabon,GAB,2000,5067865320.7979
"Gambia, The",GMB,2000,782915402.421095
Georgia,GEO,2000,3057475288.78105
Germany,DEU,2000,1943145384190.16
Ghana,GHA,2000,4983024408.14828
Gibraltar,GIB,2000,NA
Greece,GRC,2000,130133845771.144
Greenland,GRL,2000,1068030829.75591
Grenada,GRD,2000,520044370.37037
Guam,GUM,2000,NA
Guatemala,GTM,2000,19288827158.9035
Guinea,GIN,2000,2995360969.16199
Guinea-Bissau,GNB,2000,370173838.651652
Guyana,GUY,2000,712667896.727512
Haiti,HTI,2000,3953846310.66081
Honduras,HND,2000,7103507989.05044
"Hong Kong SAR, China",HKG,2000,171668164082.555
Hungary,HUN,2000,47218405892.4258
Iceland,ISL,2000,9003639475.42485
India,IND,2000,468394937262.37
Indonesia,IDN,2000,165021012077.81
"Iran, Islamic Rep.",IRN,2000,109591707802.233
Iraq,IRQ,2000,NA
Ireland,IRL,2000,99852958356.3663
Isle of Man,IMN,2000,1563667799.61578
Israel,ISR,2000,132343042748.878
Italy,ITA,2000,1143829832319.88
Jamaica,JAM,2000,8985352831.94058
Japan,JPN,2000,4887519660744.86
Jordan,JOR,2000,8579280677.00987
Kazakhstan,KAZ,2000,18291990619.137
Kenya,KEN,2000,12705357103.0056
Kiribati,KIR,2000,67254174.3970315
"Korea, Dem. People’s Rep.",PRK,2000,NA
"Korea, Rep.",KOR,2000,561633125839.994
Kosovo,XKX,2000,1849196082.05507
Kuwait,KWT,2000,37712842242.5033
Kyrgyz Republic,KGZ,2000,1369688498.06778
Lao PDR,LAO,2000,1731198022.45494
Latvia,LVA,2000,7934206257.24218
Lebanon,LBN,2000,17260364842.4544
Lesotho,LSO,2000,887295267.875155
Liberia,LBR,2000,874000000
Libya,LBY,2000,38270206950.41
Liechtenstein,LIE,2000,2483953102.79488
Lithuania,LTU,2000,11539211480.3625
Luxembourg,LUX,2000,21263514833.2412
"Macao SAR, China",MAC,2000,6720492405.83611
Madagascar,MDG,2000,3877673539.09084
Malawi,MWI,2000,1743506531.32652
Malaysia,MYS,2000,93789736842.1053
Maldives,MDV,2000,624337145.284622
Mali,MLI,2000,2954129565.82965
Malta,MLT,2000,4306192435.82207
Marshall Islands,MHL,2000,115347500
Mauritania,MRT,2000,1293654176.88438
Mauritius,MUS,2000,4663313620.01707
Mexico,MEX,2000,707906744574.644
"Micronesia, Fed. Sts.",FSM,2000,233271799.45728
Moldova,MDA,2000,1288429391.79951
Monaco,MCO,2000,2647883815.57966
Mongolia,MNG,2000,1136896123.61298
Montenegro,MNE,2000,984297589.359934
Morocco,MAR,2000,38857251336.3448
Mozambique,MOZ,2000,5553894130.24062
Myanmar,MMR,2000,8905066163.58643
Namibia,NAM,2000,3833993702.98856
Nauru,NRU,2000,NA
Nepal,NPL,2000,5494252207.90502
Netherlands,NLD,2000,416442786069.652
New Caledonia,NCL,2000,2682347064.3642
New Zealand,NZL,2000,52623281956.7031
Nicaragua,NIC,2000,5107329007.0922
Niger,NER,2000,1798374468.36362
Nigeria,NGA,2000,69448756932.5833
North Macedonia,MKD,2000,3772851420.24763
Northern Mariana Islands,MNP,2000,NA
Norway,NOR,2000,171247131268.604
Oman,OMN,2000,19507412223.6671
Pakistan,PAK,2000,73952374969.7995
Palau,PLW,2000,146113700
Panama,PAN,2000,12304115000
Papua New Guinea,PNG,2000,3521339699.07407
Paraguay,PRY,2000,8855705139.55857
Peru,PER,2000,51744749133.213
Philippines,PHL,2000,81026300310.0109
Poland,POL,2000,171885598582.637
Portugal,PRT,2000,118310710337.203
Puerto Rico,PRI,2000,61701800000
Qatar,QAT,2000,17759890109.8901
Romania,ROU,2000,37253259016.9976
Russian Federation,RUS,2000,259710142196.943
Rwanda,RWA,2000,1734938652.21165
Samoa,WSM,2000,269019710.327456
San Marino,SMR,2000,1101897917.81832
Sao Tome and Principe,STP,2000,NA
Saudi Arabia,SAU,2000,189514926213.333
Senegal,SEN,2000,5924239700.81588
Serbia,SRB,2000,6540247190.33529
Seychelles,SYC,2000,614879764.780006
Sierra Leone,SLE,2000,635874002.198748
Singapore,SGP,2000,96074477958.2366
Sint Maarten (Dutch part),SXM,2000,NA
Slovak Republic,SVK,2000,29169953012.7142
Slovenia,SVN,2000,20289627636.6767
Solomon Islands,SLB,2000,435103853.485036
Somalia,SOM,2000,NA
South Africa,ZAF,2000,136361298082.061
South Sudan,SSD,2000,NA
Spain,ESP,2000,596877648793.072
Sri Lanka,LKA,2000,16330814179.9766
St. Kitts and Nevis,KNA,2000,433520483.446409
St. Lucia,LCA,2000,834327296.296296
St. Martin (French part),MAF,2000,NA
St. Vincent and the Grenadines,VCT,2000,396261370.37037
Sudan,SDN,2000,12257418326.0734
Suriname,SUR,2000,947671969.69697
Sweden,SWE,2000,261337451703.739
Switzerland,CHE,2000,272055305542.397
Syrian Arab Republic,SYR,2000,19325894913.1254
Tajikistan,TJK,2000,860521119.298753
Tanzania,TZA,2000,13375976353.6994
Thailand,THA,2000,126392308497.749
Timor-Leste,TLS,2000,439646100
Togo,TGO,2000,1488185772.47585
Tonga,TON,2000,202363492.160332
Trinidad and Tobago,TTO,2000,8154338232.95978
Tunisia,TUN,2000,21473188881.5933
Turkey,TUR,2000,272979390333.738
Turkmenistan,TKM,2000,2904662604.82053
Turks and Caicos Islands,TCA,2000,NA
Tuvalu,TUV,2000,13742057.0500928
Uganda,UGA,2000,6193246837.09687
Ukraine,UKR,2000,31261527363.144
United Arab Emirates,ARE,2000,104337372362.151
United Kingdom,GBR,2000,1657816613708.58
United States,USA,2000,10252345464000
Uruguay,URY,2000,22823255801.8447
Uzbekistan,UZB,2000,13760513969.314
Vanuatu,VUT,2000,272014693.050806
"Venezuela, RB",VEN,2000,117140723529.412
Vietnam,VNM,2000,31172518403.3162
Virgin Islands (U.S.),VIR,2000,NA
West Bank and Gaza,PSE,2000,4313600000
"Yemen, Rep.",YEM,2000,9652436179.64605
Zambia,ZMB,2000,3600683039.73254
Zimbabwe,ZWE,2000,6689957600
Afghanistan,AFG,2010,15856574731.4411
Albania,ALB,2010,11926962834.9645
Algeria,DZA,2010,161205065469.309
American Samoa,ASM,2010,576000000
Andorra,AND,2010,3355695364.23841
Angola,AGO,2010,83799496611.2004
Antigua and Barbuda,ATG,2010,1148700000
Argentina,ARG,2010,423627422092.49
Armenia,ARM,2010,9260284937.79782
Aruba,ABW,2010,2390502793.29609
Australia,AUS,2010,1146138465603.81
Austria,AUT,2010,391892746544.69
Azerbaijan,AZE,2010,52902703376.1056
"Bahamas, The",BHS,2010,10095760000
Bahrain,BHR,2010,25713271276.5957
Bangladesh,BGD,2010,115279077465.226
Barbados,BRB,2010,4529928300
Belarus,BLR,2010,58665088956.0255
Belgium,BEL,2010,480951629493.033
Belize,BLZ,2010,1377179137.31754
Benin,BEN,2010,6977040762.19148
Bermuda,BMU,2010,5744414000
Bhutan,BTN,2010,1547991317.5991
Bolivia,BOL,2010,19649631450.6819
Bosnia and Herzegovina,BIH,2010,17176781336.7644
Botswana,BWA,2010,12786654365.8738
Brazil,BRA,2010,2208871646202.82
British Virgin Islands,VGB,2010,NA
Brunei Darussalam,BRN,2010,13707370737.0737
Bulgaria,BGR,2010,50610058210.3696
Burkina Faso,BFA,2010,8979966766.07232
Burundi,BDI,2010,2032135246.50004
Cabo Verde,CPV,2010,1664310769.55229
Cambodia,KHM,2010,11242275198.9783
Cameroon,CMR,2010,26143818509.6421
Canada,CAN,2010,1613542812589.39
Cayman Islands,CYM,2010,4156935677.4271
Central African Republic,CAF,2010,2140503193.16261
Chad,TCD,2010,10657705536.4978
Channel Islands,CHI,2010,NA
Chile,CHL,2010,218537551220.071
China,CHN,2010,6087164527421.24
Colombia,COL,2010,286103648654.545
Comoros,COM,2010,907093130.313521
"Congo, Dem. Rep.",COD,2010,21565720044.4634
"Congo, Rep.",COG,2010,12007880438.6232
Costa Rica,CRI,2010,37268614024.3178
Cote d'Ivoire,CIV,2010,24884505034.5564
Croatia,HRV,2010,59807966533.2848
Cuba,CUB,2010,64328000000
Curacao,CUW,2010,NA
Cyprus,CYP,2010,25732432719.0773
Czech Republic,CZE,2010,207477857918.919
Denmark,DNK,2010,321995279401.502
Djibouti,DJI,2010,1128611700.3618
Dominica,DMA,2010,493824407.407407
Dominican Republic,DOM,2010,53860187452.8829
Ecuador,ECU,2010,69555367000
"Egypt, Arab Rep.",EGY,2010,218888324504.753
El Salvador,SLV,2010,18448000000
Equatorial Guinea,GNQ,2010,16298542027.9965
Eritrea,ERI,2010,2117039512.19512
Estonia,EST,2010,19685033799.4182
Eswatini,SWZ,2010,4438778553.63533
Ethiopia,ETH,2010,29933790334.3418
Faroe Islands,FRO,2010,2320424601.26954
Fiji,FJI,2010,3140508835.9485
Finland,FIN,2010,249181190476.369
France,FRA,2010,2642609548930.36
French Polynesia,PYF,2010,NA
Gabon,GAB,2010,14358584300.3006
"Gambia, The",GMB,2010,1543292392.54605
Georgia,GEO,2010,12243505582.6741
Germany,DEU,2010,3396354075663.73
Ghana,GHA,2010,32174772955.9748
Gibraltar,GIB,2010,NA
Greece,GRC,2010,299361576558.217
Greenland,GRL,2010,2503156060.52524
Grenada,GRD,2010,771013259.259259
Guam,GUM,2010,4895000000
Guatemala,GTM,2010,41338008612.7727
Guinea,GIN,2010,6853467857.61127
Guinea-Bissau,GNB,2010,849050127.504407
Guyana,GUY,2010,2273225041.96217
Haiti,HTI,2010,6622541528.56888
Honduras,HND,2010,15839344591.9842
"Hong Kong SAR, China",HKG,2010,228637697575.04
Hungary,HUN,2010,131135561228.374
Iceland,ISL,2010,13683689802.2771
India,IND,2010,1675615335600.56
Indonesia,IDN,2010,755094160363.071
"Iran, Islamic Rep.",IRN,2010,487069570463.768
Iraq,IRQ,2010,138516722649.573
Ireland,IRL,2010,222148757313.006
Isle of Man,IMN,2010,5920177688.50433
Israel,ISR,2010,233995676194.679
Italy,ITA,2010,2134017843247.16
Jamaica,JAM,2010,13220556882.7046
Japan,JPN,2010,5700098114744.41
Jordan,JOR,2010,26795901408.4507
Kazakhstan,KAZ,2010,148047348240.643
Kenya,KEN,2010,40000088346.8041
Kiribati,KIR,2010,156120895.248578
"Korea, Dem. People’s Rep.",PRK,2010,NA
"Korea, Rep.",KOR,2010,1094499338702.72
Kosovo,XKX,2010,5830415894.03973
Kuwait,KWT,2010,115419050942.08
Kyrgyz Republic,KGZ,2010,4794357795.07139
Lao PDR,LAO,2010,7127792629.58294
Latvia,LVA,2010,23796118300.8371
Lebanon,LBN,2010,38419626533.9967
Lesotho,LSO,2010,2394600945.38102
Liberia,LBR,2010,1998000000
Libya,LBY,2010,74773444900.5368
Liechtenstein,LIE,2010,5082366478.08994
Lithuania,LTU,2010,37024718364.5516
Luxembourg,LUX,2010,53212476812.2957
"Macao SAR, China",MAC,2010,28123640998.7253
Madagascar,MDG,2010,9982711338.11813
Malawi,MWI,2010,6959655570.89098
Malaysia,MYS,2010,255016609232.871
Maldives,MDV,2010,2588176054.6875
Mali,MLI,2010,10678749467.4697
Malta,MLT,2010,8749171417.20801
Marshall Islands,MHL,2010,162164700
Mauritania,MRT,2010,4337794152.82681
Mauritius,MUS,2010,10003670690.3497
Mexico,MEX,2010,1057801295584.05
"Micronesia, Fed. Sts.",FSM,2010,296944122.022674
Moldova,MDA,2010,6974960426.21652
Monaco,MCO,2010,5362649006.62252
Mongolia,MNG,2010,7189481824.07288
Montenegro,MNE,2010,4139192052.98013
Morocco,MAR,2010,93216746661.5977
Mozambique,MOZ,2010,11087646867.9421
Myanmar,MMR,2010,49540813342.4834
Namibia,NAM,2010,11282192605.0374
Nauru,NRU,2010,49235796.7057166
Nepal,NPL,2010,16002656434.4746
Netherlands,NLD,2010,846554894931.084
New Caledonia,NCL,2010,NA
New Zealand,NZL,2010,146583831538.331
Nicaragua,NIC,2010,8758639096.47693
Niger,NER,2010,5718664504.91341
Nigeria,NGA,2010,363359886203.409
North Macedonia,MKD,2010,9407168702.4313
Northern Mariana Islands,MNP,2010,799000000
Norway,NOR,2010,428757038466.841
Oman,OMN,2010,58642392717.8153
Pakistan,PAK,2010,177165635077.065
Palau,PLW,2010,183498800
Panama,PAN,2010,29440300000
Papua New Guinea,PNG,2010,14250755221.5077
Paraguay,PRY,2010,27215968615.5548
Peru,PER,2010,147528937028.778
Philippines,PHL,2010,199590775190.258
Poland,POL,2010,479321460551.189
Portugal,PRT,2010,237880908317.652
Puerto Rico,PRI,2010,98381300000
Qatar,QAT,2010,125122306346.154
Romania,ROU,2010,166225180150.414
Russian Federation,RUS,2010,1524917468442.01
Rwanda,RWA,2010,5849863212.53084
Samoa,WSM,2010,663161528.405016
San Marino,SMR,2010,2139072847.68212
Sao Tome and Principe,STP,2010,197454052.146072
Saudi Arabia,SAU,2010,528207200000
Senegal,SEN,2010,16215069255.5883
Serbia,SRB,2010,41819468691.8251
Seychelles,SYC,2010,969936525.298729
Sierra Leone,SLE,2010,2578026297.15912
Singapore,SGP,2010,239809387605.427
Sint Maarten (Dutch part),SXM,2010,NA
Slovak Republic,SVK,2010,90183986821.6439
Slovenia,SVN,2010,48161250935.0166
Solomon Islands,SLB,2010,681151193.502387
Somalia,SOM,2010,NA
South Africa,ZAF,2010,375349442837.24
South Sudan,SSD,2010,14602072425.3919
Spain,ESP,2010,1420722034063
Sri Lanka,LKA,2010,56725749221.9043
St. Kitts and Nevis,KNA,2010,760170370.37037
St. Lucia,LCA,2010,1399203481.48148
St. Martin (French part),MAF,2010,NA
St. Vincent and the Grenadines,VCT,2010,681225962.962963
Sudan,SDN,2010,65634109236.7736
Suriname,SUR,2010,4368398047.64333
Sweden,SWE,2010,495328620126.028
Switzerland,CHE,2010,583783396408.582
Syrian Arab Republic,SYR,2010,NA
Tajikistan,TJK,2010,5642178579.58438
Tanzania,TZA,2010,32014249841.4151
Thailand,THA,2010,341105009515.333
Timor-Leste,TLS,2010,3998961300
Togo,TGO,2010,3426022205.75557
Tonga,TON,2010,369485198.817979
Trinidad and Tobago,TTO,2010,22157948396.2042
Tunisia,TUN,2010,44050929160.2627
Turkey,TUR,2010,771901768870.083
Turkmenistan,TKM,2010,22583157894.7368
Turks and Caicos Islands,TCA,2010,686787810
Tuvalu,TUV,2010,31824701.2779469
Uganda,UGA,2010,20186496527.1256
Ukraine,UKR,2010,136013155905.036
United Arab Emirates,ARE,2010,289787338325.391
United Kingdom,GBR,2010,2475244321361.11
United States,USA,2010,14992052727000
Uruguay,URY,2010,40284481653.4343
Uzbekistan,UZB,2010,46679875793.5724
Vanuatu,VUT,2010,700804286.224354
"Venezuela, RB",VEN,2010,393192354510.653
Vietnam,VNM,2010,115931749697.241
Virgin Islands (U.S.),VIR,2010,4339000000
West Bank and Gaza,PSE,2010,8913100000
"Yemen, Rep.",YEM,2010,30906749533.221
Zambia,ZMB,2010,20265556273.582
Zimbabwe,ZWE,2010,12041655200
Afghanistan,AFG,2011,17804280538.1102
Albania,ALB,2011,12890867535.5568
Algeria,DZA,2011,200015355528.47
American Samoa,ASM,2011,574000000
Andorra,AND,2011,3442062830.13622
Angola,AGO,2011,111789686464.441
Antigua and Barbuda,ATG,2011,1137637037.03704
Argentina,ARG,2011,530163281574.658
Armenia,ARM,2011,10142111334.4961
Aruba,ABW,2011,2549720670.39106
Australia,AUS,2011,1396649906339.35
Austria,AUT,2011,431120310088.82
Azerbaijan,AZE,2011,65951627200.2026
"Bahamas, The",BHS,2011,10070450000
Bahrain,BHR,2011,28776622340.4255
Bangladesh,BGD,2011,128637938711.386
Barbados,BRB,2011,4657699450
Belarus,BLR,2011,61757788944.7236
Belgium,BEL,2011,522645519183.591
Belize,BLZ,2011,1460800211.99593
Benin,BEN,2011,7824320326.89328
Bermuda,BMU,2011,5550771000
Bhutan,BTN,2011,1777101316.47545
Bolivia,BOL,2011,23963033588.0063
Bosnia and Herzegovina,BIH,2011,18644723860.9709
Botswana,BWA,2011,15351972229.5341
Brazil,BRA,2011,2616200980392.16
British Virgin Islands,VGB,2011,NA
Brunei Darussalam,BRN,2011,18525319977.7407
Bulgaria,BGR,2011,57418414504.0882
Burkina Faso,BFA,2011,10724063457.8326
Burundi,BDI,2011,2235820867.82743
Cabo Verde,CPV,2011,1865915544.12446
Cambodia,KHM,2011,12829541141.0127
Cameroon,CMR,2011,29337006833.0825
Canada,CAN,2011,1789140665202.84
Cayman Islands,CYM,2011,4186223808.95236
Central African Republic,CAF,2011,2434792412.50855
Chad,TCD,2011,12156380425.0825
Channel Islands,CHI,2011,NA
Chile,CHL,2011,252251992029.442
China,CHN,2011,7551500425597.77
Colombia,COL,2011,334454039093.586
Comoros,COM,2011,1021746833.42573
"Congo, Dem. Rep.",COD,2011,25839749198.8233
"Congo, Rep.",COG,2011,14425607179.6639
Costa Rica,CRI,2011,42262697840.385
Cote d'Ivoire,CIV,2011,25381616734.0693
Croatia,HRV,2011,62354235670.5777
Cuba,CUB,2011,68990000000
Curacao,CUW,2011,3038699608.93855
Cyprus,CYP,2011,27565469097.9955
Czech Republic,CZE,2011,227948349666.354
Denmark,DNK,2011,344003137611.271
Djibouti,DJI,2011,1239144501.77525
Dominica,DMA,2011,501025296.296296
Dominican Republic,DOM,2011,58029773801.1283
Ecuador,ECU,2011,79276664000
"Egypt, Arab Rep.",EGY,2011,236001858960.015
El Salvador,SLV,2011,20284000000
Equatorial Guinea,GNQ,2011,21329395900.871
Eritrea,ERI,2011,2607739837.39837
Estonia,EST,2011,23394843529.0691
Eswatini,SWZ,2011,4820499498.18209
Ethiopia,ETH,2011,31952763089.33
Faroe Islands,FRO,2011,2490807830.57351
Fiji,FJI,2011,3774530615.65916
Finland,FIN,2011,275243697751.011
France,FRA,2011,2861408170264.61
French Polynesia,PYF,2011,NA
Gabon,GAB,2011,18186478119.9582
"Gambia, The",GMB,2011,1409694553.90934
Georgia,GEO,2011,15107441446.7833
Germany,DEU,2011,3744408602683.94
Ghana,GHA,2011,39566292432.8615
Gibraltar,GIB,2011,NA
Greece,GRC,2011,287797822093.178
Greenland,GRL,2011,2684467375.71479
Grenada,GRD,2011,778655925.925926
Guam,GUM,2011,4928000000
Guatemala,GTM,2011,47654783851.8252
Guinea,GIN,2011,6785137172.77058
Guinea-Bissau,GNB,2011,1098379391.95039
Guyana,GUY,2011,2576024115.57832
Haiti,HTI,2011,7516834160.25277
Honduras,HND,2011,17710315005.9999
"Hong Kong SAR, China",HKG,2011,248513617677.287
Hungary,HUN,2011,141109576981.423
Iceland,ISL,2011,15158548597.3876
India,IND,2011,1823050405350.42
Indonesia,IDN,2011,892969107923.094
"Iran, Islamic Rep.",IRN,2011,583500357530.414
Iraq,IRQ,2011,185749664444.444
Ireland,IRL,2011,237472361872.56
Isle of Man,IMN,2011,6566098381.6696
Israel,ISR,2011,261468634231.2
Italy,ITA,2011,2291991045770.29
Jamaica,JAM,2011,14444655299.8772
Japan,JPN,2011,6157459594823.72
Jordan,JOR,2011,29244647887.324
Kazakhstan,KAZ,2011,192626507971.584
Kenya,KEN,2011,41953433591.4101
Kiribati,KIR,2011,181705002.578649
"Korea, Dem. People’s Rep.",PRK,2011,NA
"Korea, Rep.",KOR,2011,1202463682633.85
Kosovo,XKX,2011,6692431192.66055
Kuwait,KWT,2011,154027536231.884
Kyrgyz Republic,KGZ,2011,6197766118.59856
Lao PDR,LAO,2011,8749241114.18913
Latvia,LVA,2011,28246551197.1364
Lebanon,LBN,2011,40075674295.1907
Lesotho,LSO,2011,2792049477.26553
Liberia,LBR,2011,2398000000
Libya,LBY,2011,34699395523.6073
Liechtenstein,LIE,2011,5739977477.47748
Lithuania,LTU,2011,43419061504.4429
Luxembourg,LUX,2011,60004630234.4135
"Macao SAR, China",MAC,2011,36709860068.3445
Madagascar,MDG,2011,11551819617.6271
Malawi,MWI,2011,8004000737.30717
Malaysia,MYS,2011,297951960784.314
Maldives,MDV,2011,2774351760.03287
Mali,MLI,2011,12978107560.5982
Malta,MLT,2011,9510019134.82894
Marshall Islands,MHL,2011,174332100
Mauritania,MRT,2011,5166346516.40948
Mauritius,MUS,2011,11518393367.2403
Mexico,MEX,2011,1180489601957.61
"Micronesia, Fed. Sts.",FSM,2011,311301557.087302
Moldova,MDA,2011,8414360571.10729
Monaco,MCO,2011,6080344731.72088
Mongolia,MNG,2011,10409797649.3063
Montenegro,MNE,2011,4538199888.79622
Morocco,MAR,2011,101370474295.109
Mozambique,MOZ,2011,14381552432.9494
Myanmar,MMR,2011,59977326085.9908
Namibia,NAM,2011,12409629835.6998
Nauru,NRU,2011,72680074.9285221
Nepal,NPL,2011,18913574370.76
Netherlands,NLD,2011,904085980796.018
New Caledonia,NCL,2011,NA
New Zealand,NZL,2011,168461998741.295
Nicaragua,NIC,2011,9774351930.71802
Niger,NER,2011,6409184724.22579
Nigeria,NGA,2011,410334579160.752
North Macedonia,MKD,2011,10494632699.3859
Northern Mariana Islands,MNP,2011,733000000
Norway,NOR,2011,498283438454.281
Oman,OMN,2011,67937581274.3823
Pakistan,PAK,2011,213587413183.996
Palau,PLW,2011,193143900
Panama,PAN,2011,34686200000
Papua New Guinea,PNG,2011,17984910495.726
Paraguay,PRY,2011,33715524703.9288
Peru,PER,2011,171761737046.585
Philippines,PHL,2011,224143083706.777
Poland,POL,2011,528832185770.217
Portugal,PRT,2011,244797226567.109
Puerto Rico,PRI,2011,100351700000
Qatar,QAT,2011,167775274725.275
Romania,ROU,2011,183443154234.731
Russian Federation,RUS,2011,2051661732059.78
Rwanda,RWA,2011,6646901207.96626
Samoa,WSM,2011,737401684.079882
San Marino,SMR,2011,2054489852.65499
Sao Tome and Principe,STP,2011,233213521.691189
Saudi Arabia,SAU,2011,671238840106.667
Senegal,SEN,2011,17878780184.8872
Serbia,SRB,2011,49258136128.9672
Seychelles,SYC,2011,1065826669.89742
Sierra Leone,SLE,2011,2942546781.04548
Singapore,SGP,2011,279351168707.267
Sint Maarten (Dutch part),SXM,2011,NA
Slovak Republic,SVK,2011,98997521242.3941
Slovenia,SVN,2011,51516367349.8866
Solomon Islands,SLB,2011,932725583.343148
Somalia,SOM,2011,NA
South Africa,ZAF,2011,416418874936.304
South Sudan,SSD,2011,14907308933.929
Spain,ESP,2011,1478772824224.03
Sri Lanka,LKA,2011,65292753005.4664
St. Kitts and Nevis,KNA,2011,817759259.259259
St. Lucia,LCA,2011,1444269666.66667
St. Martin (French part),MAF,2011,NA
St. Vincent and the Grenadines,VCT,2011,676129407.407407
Sudan,SDN,2011,67327289319.733
Suriname,SUR,2011,4422276621.78703
Sweden,SWE,2011,572744002632.359
Switzerland,CHE,2011,699579502158.199
Syrian Arab Republic,SYR,2011,NA
Tajikistan,TJK,2011,6522732202.50748
Tanzania,TZA,2011,34657139495.4031
Thailand,THA,2011,370818747396.833
Timor-Leste,TLS,2011,5672048700
Togo,TGO,2011,3867391618.08827
Tonga,TON,2011,423011844.331641
Trinidad and Tobago,TTO,2011,25433011405.3017
Tunisia,TUN,2011,45810626509.4474
Turkey,TUR,2011,832523680908.06
Turkmenistan,TKM,2011,29233333333.3333
Turks and Caicos Islands,TCA,2011,728789570
Tuvalu,TUV,2011,38713279.6189995
Uganda,UGA,2011,20176025256.9153
Ukraine,UKR,2011,163159671670.265
United Arab Emirates,ARE,2011,350666031313.819
United Kingdom,GBR,2011,2659310054646.23
United States,USA,2011,15542581104000
Uruguay,URY,2011,47962439302.6658
Uzbekistan,UZB,2011,56516280748.3777
Vanuatu,VUT,2011,792149700.679116
"Venezuela, RB",VEN,2011,316482190800.364
Vietnam,VNM,2011,135539438559.709
Virgin Islands (U.S.),VIR,2011,4239000000
West Bank and Gaza,PSE,2011,10465400000
"Yemen, Rep.",YEM,2011,32726417878.391
Zambia,ZMB,2011,23460098339.7453
Zimbabwe,ZWE,2011,14101920300
Afghanistan,AFG,2012,20001615788.6719
Albania,ALB,2012,12319784701.3346
Algeria,DZA,2012,209062886917.045
American Samoa,ASM,2012,644000000
Andorra,AND,2012,3164615186.94591
Angola,AGO,2012,128052853643.106
Antigua and Barbuda,ATG,2012,1199948148.14815
Argentina,ARG,2012,545982375701.128
Armenia,ARM,2012,10619320048.5857
Aruba,ABW,2012,2534636871.50838
Australia,AUS,2012,1546151783872.96
Austria,AUT,2012,409425234155.263
Azerbaijan,AZE,2012,69683935845.2138
"Bahamas, The",BHS,2012,10720500000
Bahrain,BHR,2012,30749335106.383
Bangladesh,BGD,2012,133355749482.478
Barbados,BRB,2012,4610096000
Belarus,BLR,2012,65685102554.8759
Belgium,BEL,2012,496181260258.3
Belize,BLZ,2012,1522899789.92074
Benin,BEN,2012,8152088222.19998
Bermuda,BMU,2012,5537537000
Bhutan,BTN,2012,1781281280.6802
Bolivia,BOL,2012,27084497539.7974
Bosnia and Herzegovina,BIH,2012,17226849297.07
Botswana,BWA,2012,16067155187.0375
Brazil,BRA,2012,2465188674415.03
British Virgin Islands,VGB,2012,NA
Brunei Darussalam,BRN,2012,19048495518.5659
Bulgaria,BGR,2012,53903022339.0276
Burkina Faso,BFA,2012,11166063466.5623
Burundi,BDI,2012,2333308099.46249
Cabo Verde,CPV,2012,1741809808.96442
Cambodia,KHM,2012,14054443213.4639
Cameroon,CMR,2012,29104437355.0395
Canada,CAN,2012,1823966686523.63
Cayman Islands,CYM,2012,4291159006.36025
Central African Republic,CAF,2012,2510270267.72918
Chad,TCD,2012,12368071038.7362
Channel Islands,CHI,2012,NA
Chile,CHL,2012,267122320056.702
China,CHN,2012,8532230724141.76
Colombia,COL,2012,370574421703.06
Comoros,COM,2012,1015901205.42028
"Congo, Dem. Rep.",COD,2012,29306235826.3886
"Congo, Rep.",COG,2012,13677930123.5919
Costa Rica,CRI,2012,46473128285.5589
Cote d'Ivoire,CIV,2012,26790579775.295
Croatia,HRV,2012,56494436182.7599
Cuba,CUB,2012,73141000000
Curacao,CUW,2012,3131096089.38548
Cyprus,CYP,2012,24978513426.6992
Czech Republic,CZE,2012,207376427020.815
Denmark,DNK,2012,327148943812.137
Djibouti,DJI,2012,1353632941.5207
Dominica,DMA,2012,485998000
Dominican Republic,DOM,2012,60681535893.4288
Ecuador,ECU,2012,87924544000
"Egypt, Arab Rep.",EGY,2012,279372758361.832
El Salvador,SLV,2012,21386000000
Equatorial Guinea,GNQ,2012,22389626329.3369
Eritrea,ERI,2012,NA
Estonia,EST,2012,23192709238.817
Eswatini,SWZ,2012,4886658800.24361
Ethiopia,ETH,2012,43310721414.0829
Faroe Islands,FRO,2012,2366301251.61847
Fiji,FJI,2012,3972012570.53467
Finland,FIN,2012,258304834621.605
France,FRA,2012,2683825225092.63
French Polynesia,PYF,2012,NA
Gabon,GAB,2012,17171447372.3334
"Gambia, The",GMB,2012,1415006238.09509
Georgia,GEO,2012,16488403076.3641
Germany,DEU,2012,3527344944139.83
Ghana,GHA,2012,41939728978.7281
Gibraltar,GIB,2012,NA
Greece,GRC,2012,245670666639.047
Greenland,GRL,2012,2609667673.71601
Grenada,GRD,2012,799882259.259259
Guam,GUM,2012,5199000000
Guatemala,GTM,2012,50388460924.7345
Guinea,GIN,2012,7638045254.42864
Guinea-Bissau,GNB,2012,989327811.785114
Guyana,GUY,2012,2861562265.88301
Haiti,HTI,2012,7890647021.75659
Honduras,HND,2012,18528601901.324
"Hong Kong SAR, China",HKG,2012,262629441493.476
Hungary,HUN,2012,128153691809.347
Iceland,ISL,2012,14724078264.24
India,IND,2012,1827637859135.7
Indonesia,IDN,2012,917869910105.749
"Iran, Islamic Rep.",IRN,2012,598853401276.101
Iraq,IRQ,2012,218000986222.639
Ireland,IRL,2012,224999484104.853
Isle of Man,IMN,2012,6433357030.0158005
Israel,ISR,2012,257180147032.142
Italy,ITA,2012,2087077032435.15
Jamaica,JAM,2012,14807086889.2099
Japan,JPN,2012,6203213121334.12
Jordan,JOR,2012,31371056338.0282
Kazakhstan,KAZ,2012,207998568865.789
Kenya,KEN,2012,50412754861.0191
Kiribati,KIR,2012,190243321.598675
"Korea, Dem. People’s Rep.",PRK,2012,NA
"Korea, Rep.",KOR,2012,1222807284485.31
Kosovo,XKX,2012,6499759732.75087
Kuwait,KWT,2012,174070025008.932
Kyrgyz Republic,KGZ,2012,6605139933.41063
Lao PDR,LAO,2012,10191350119.6808
Latvia,LVA,2012,28170812351.7896
Lebanon,LBN,2012,44230727694.859
Lesotho,LSO,2012,2677545056.01559
Liberia,LBR,2012,2721000000
Libya,LBY,2012,81873662518.8238
Liechtenstein,LIE,2012,5456009384.66461
Lithuania,LTU,2012,42826586829.8189
Luxembourg,LUX,2012,56677961787.0717
"Macao SAR, China",MAC,2012,43031577366.4251
Madagascar,MDG,2012,11578974887.9562
Malawi,MWI,2012,6028487928.83351
Malaysia,MYS,2012,314443149443.149
Maldives,MDV,2012,2886170571.69634
Mali,MLI,2012,12442747897.2223
Malta,MLT,2012,9209873465.50645
Marshall Islands,MHL,2012,182874800
Mauritania,MRT,2012,5231255478.38986
Mauritius,MUS,2012,11668685524.1265
Mexico,MEX,2012,1201089987015.45
"Micronesia, Fed. Sts.",FSM,2012,327248654.764484
Moldova,MDA,2012,8709165249.26928
Monaco,MCO,2012,5743029680.07195
Mongolia,MNG,2012,12292770631.1967
Montenegro,MNE,2012,4087725812.66864
Morocco,MAR,2012,98266306615.3632
Mozambique,MOZ,2012,16350804543.0515
Myanmar,MMR,2012,59937797559.3295
Namibia,NAM,2012,13016272898.9038
Nauru,NRU,2012,103833367.704681
Nepal,NPL,2012,18851513891.066
Netherlands,NLD,2012,838971306990.906
New Caledonia,NCL,2012,NA
New Zealand,NZL,2012,176193696737.934
Nicaragua,NIC,2012,10532006608.1447
Niger,NER,2012,6942258305.19085
Nigeria,NGA,2012,459376049763.999
North Macedonia,MKD,2012,9745251126.0109
Northern Mariana Islands,MNP,2012,751000000
Norway,NOR,2012,509506317146.541
Oman,OMN,2012,76689206762.0286
Pakistan,PAK,2012,224383620829.57
Palau,PLW,2012,211103300
Panama,PAN,2012,40429700000
Papua New Guinea,PNG,2012,21295659249.2443
Paraguay,PRY,2012,33283228891.0923
Peru,PER,2012,192648999090.082
Philippines,PHL,2012,250092092998.143
Poland,POL,2012,500360816827.883
Portugal,PRT,2012,216236608773.976
Puerto Rico,PRI,2012,101564800000
Qatar,QAT,2012,186833516483.516
Romania,ROU,2012,171196268957.961
Russian Federation,RUS,2012,2210256976945.38
Rwanda,RWA,2012,7428848122.01823
Samoa,WSM,2012,760549577.698957
San Marino,SMR,2012,1800077091.09598
Sao Tome and Principe,STP,2012,252560556.021848
Saudi Arabia,SAU,2012,735974843360
Senegal,SEN,2012,17825417949.4095
Serbia,SRB,2012,43309252921.0567
Seychelles,SYC,2012,1060226125.62616
Sierra Leone,SLE,2012,3801862611.36414
Singapore,SGP,2012,295087220933.024
Sint Maarten (Dutch part),SXM,2012,NA
Slovak Republic,SVK,2012,94416582465.2848
Slovenia,SVN,2012,46580457470.2769
Solomon Islands,SLB,2012,1063879445.83424
Somalia,SOM,2012,NA
South Africa,ZAF,2012,396332702639.496
South Sudan,SSD,2012,11931472172.5786
Spain,ESP,2012,1324820091194.67
Sri Lanka,LKA,2012,68434409315.1123
St. Kitts and Nevis,KNA,2012,800414814.814815
St. Lucia,LCA,2012,1440016851.85185
St. Martin (French part),MAF,2012,NA
St. Vincent and the Grenadines,VCT,2012,692933740.740741
Sudan,SDN,2012,68125631150.2939
Suriname,SUR,2012,4980000000
Sweden,SWE,2012,550926978153.434
Switzerland,CHE,2012,668043476123.359
Syrian Arab Republic,SYR,2012,NA
Tajikistan,TJK,2012,7633049792.09321
Tanzania,TZA,2012,39650530214.3287
Thailand,THA,2012,397558094269.877
Timor-Leste,TLS,2012,6661664600
Togo,TGO,2012,3873529926.22723
Tonga,TON,2012,472358251.224261
Trinidad and Tobago,TTO,2012,25763220107.0051
Tunisia,TUN,2012,45044112939.3687
Turkey,TUR,2012,873982246611.954
Turkmenistan,TKM,2012,35164210526.3158
Turks and Caicos Islands,TCA,2012,715722770
Tuvalu,TUV,2012,37671734.4913473
Uganda,UGA,2012,23114293416.3905
Ukraine,UKR,2012,175781379051.433
United Arab Emirates,ARE,2012,374590605854.323
United Kingdom,GBR,2012,2704887678386.72
United States,USA,2012,16197007349000
Uruguay,URY,2012,51264390114.2305
Uzbekistan,UZB,2012,63628854498.5024
Vanuatu,VUT,2012,781702874.106058
"Venezuela, RB",VEN,2012,381286237847.667
Vietnam,VNM,2012,155820001920.492
Virgin Islands (U.S.),VIR,2012,4095000000
West Bank and Gaza,PSE,2012,11279400000
"Yemen, Rep.",YEM,2012,35401339869.3055
Zambia,ZMB,2012,25503370699.2015
Zimbabwe,ZWE,2012,17114849900
Afghanistan,AFG,2013,20561054090.3995
Albania,ALB,2013,12776277648.9159
Algeria,DZA,2013,209754763860.68
American Samoa,ASM,2013,641000000
Andorra,AND,2013,3281585236.32501
Angola,AGO,2013,136709862831.194
Antigua and Barbuda,ATG,2013,1181448148.14815
Argentina,ARG,2013,552025140252.246
Armenia,ARM,2013,11121465767.4067
Aruba,ABW,2013,2581564245.81006
Australia,AUS,2013,1576184467015.49
Austria,AUT,2013,430068712971.867
Azerbaijan,AZE,2013,74164435946.4627
"Bahamas, The",BHS,2013,10562700000
Bahrain,BHR,2013,32539547872.3404
Bangladesh,BGD,2013,149990451022.29
Barbados,BRB,2013,4677248300
Belarus,BLR,2013,75527984234.2342
Belgium,BEL,2013,521642714407.843
Belize,BLZ,2013,1579413515.26963
Benin,BEN,2013,9159958825.63987
Bermuda,BMU,2013,5573710000
Bhutan,BTN,2013,1756215665.54698
Bolivia,BOL,2013,30659338784.3705
Bosnia and Herzegovina,BIH,2013,18178503835.4491
Botswana,BWA,2013,14901750764.9811
Brazil,BRA,2013,2472806456101.29
British Virgin Islands,VGB,2013,NA
Brunei Darussalam,BRN,2013,18093829923.2737
Bulgaria,BGR,2013,55555171009.772
Burkina Faso,BFA,2013,11947176341.9966
Burundi,BDI,2013,2451625332.74584
Cabo Verde,CPV,2013,1850470042.43281
Cambodia,KHM,2013,15227991395.2201
Cameroon,CMR,2013,32348149947.3727
Canada,CAN,2013,1842018420853.1
Cayman Islands,CYM,2013,4405954638.18553
Central African Republic,CAF,2013,1691063476.64157
Chad,TCD,2013,12949854262.8127
Channel Islands,CHI,2013,NA
Chile,CHL,2013,278384345259.474
China,CHN,2013,9570405758739.79
Colombia,COL,2013,381866608838.8
Comoros,COM,2013,1115906341.77727
"Congo, Dem. Rep.",COD,2013,32679745297.6453
"Congo, Rep.",COG,2013,14085851348.069
Costa Rica,CRI,2013,49745088111.6953
Cote d'Ivoire,CIV,2013,31264187110.3554
Croatia,HRV,2013,58056951042.0866
Cuba,CUB,2013,77148000000
Curacao,CUW,2013,3147616201.11732
Cyprus,CYP,2013,23900872625.8467
Czech Republic,CZE,2013,209402444996.104
Denmark,DNK,2013,343584391647.927
Djibouti,DJI,2013,2042817162.85639
Dominica,DMA,2013,498296296.296296
Dominican Republic,DOM,2013,62682158700.6381
Ecuador,ECU,2013,95129659000
"Egypt, Arab Rep.",EGY,2013,288586231501.877
El Salvador,SLV,2013,21991000000
Equatorial Guinea,GNQ,2013,21942597765.3631
Eritrea,ERI,2013,NA
Estonia,EST,2013,25271407238.6622
Eswatini,SWZ,2013,4597702897.95031
Ethiopia,ETH,2013,47648211133.2183
Faroe Islands,FRO,2013,2627049837.08135
Fiji,FJI,2013,4190143206.25611
Finland,FIN,2013,271285280621.373
France,FRA,2013,2811077725703.59
French Polynesia,PYF,2013,NA
Gabon,GAB,2013,17590745162.1326
"Gambia, The",GMB,2013,1375608956.10386
Georgia,GEO,2013,17189491403.1502
Germany,DEU,2013,3732743446218.92
Ghana,GHA,2013,63277216928.5093
Gibraltar,GIB,2013,NA
Greece,GRC,2013,239862011450.103
Greenland,GRL,2013,2684952726.88425
Grenada,GRD,2013,842620111.111111
Guam,GUM,2013,5336000000
Guatemala,GTM,2013,53851153446.6959
Guinea,GIN,2013,8376613843.27265
Guinea-Bissau,GNB,2013,1045790132.98518
Guyana,GUY,2013,2987684170.24434
Haiti,HTI,2013,8485077205.26002
Honduras,HND,2013,18499710127.8385
"Hong Kong SAR, China",HKG,2013,275696879834.966
Hungary,HUN,2013,135409048034.154
Iceland,ISL,2013,16033517529.2506
India,IND,2013,1856722121394.53
Indonesia,IDN,2013,912524136718.018
"Iran, Islamic Rep.",IRN,2013,467414852231.299
Iraq,IRQ,2013,234637674957.118
Ireland,IRL,2013,238543538776.684
Isle of Man,IMN,2013,6754330154.76004
Israel,ISR,2013,292636164000.637
Italy,ITA,2013,2141315327318.21
Jamaica,JAM,2013,14262589157.7413
Japan,JPN,2013,5155717056270.83
Jordan,JOR,2013,34064873239.4366
Kazakhstan,KAZ,2013,236634552078.102
Kenya,KEN,2013,55096728047.9408
Kiribati,KIR,2013,185113921.606488
"Korea, Dem. People’s Rep.",PRK,2013,NA
"Korea, Rep.",KOR,2013,1305604981271.91
Kosovo,XKX,2013,7071982209.24057
Kuwait,KWT,2013,174161495063.47
Kyrgyz Republic,KGZ,2013,7335027591.91628
Lao PDR,LAO,2013,11942230508.334
Latvia,LVA,2013,30276485435.7497
Lebanon,LBN,2013,46866579767.8275
Lesotho,LSO,2013,2533992455.33308
Liberia,LBR,2013,3067000000
Libya,LBY,2013,65502870173.7831
Liechtenstein,LIE,2013,6391735893.83968
Lithuania,LTU,2013,46450990764.2532
Luxembourg,LUX,2013,61739352212.3049
"Macao SAR, China",MAC,2013,51552075901.5183
Madagascar,MDG,2013,12423555269.3893
Malawi,MWI,2013,5518880768.57955
Malaysia,MYS,2013,323277158906.979
Maldives,MDV,2013,3295011381.75405
Mali,MLI,2013,13246412031.4145
Malta,MLT,2013,10154463059.2461
Marshall Islands,MHL,2013,187707400
Mauritania,MRT,2013,5639818811.90095
Mauritius,MUS,2013,12129642296.4425
Mexico,MEX,2013,1274443084716.57
"Micronesia, Fed. Sts.",FSM,2013,317214350.095235
Moldova,MDA,2013,9496684621.98494
Monaco,MCO,2013,6553372278.27934
Mongolia,MNG,2013,12582122604.1921
Montenegro,MNE,2013,4464261816.25066
Morocco,MAR,2013,106825649872.108
Mozambique,MOZ,2013,16974320551.0213
Myanmar,MMR,2013,60269734044.526
Namibia,NAM,2013,12717790504.5002
Nauru,NRU,2013,108634964.604494
Nepal,NPL,2013,19271168018.482
Netherlands,NLD,2013,876923518850.405
New Caledonia,NCL,2013,NA
New Zealand,NZL,2013,190784384693.441
Nicaragua,NIC,2013,10982938825.6994
Niger,NER,2013,7667952566.39139
Nigeria,NGA,2013,514966287334.277
North Macedonia,MKD,2013,10817712138.9451
Northern Mariana Islands,MNP,2013,782000000
Norway,NOR,2013,522761531914.894
Oman,OMN,2013,78784395318.5956
Pakistan,PAK,2013,231218567178.979
Palau,PLW,2013,223388400
Panama,PAN,2013,45600000000
Papua New Guinea,PNG,2013,21261432774.5023
Paraguay,PRY,2013,38585317742.981
Peru,PER,2013,201175469114.327
Philippines,PHL,2013,271836123723.678
Poland,POL,2013,524234322596.975
Portugal,PRT,2013,226369502104.236
Puerto Rico,PRI,2013,102450000000
Qatar,QAT,2013,198727747252.747
Romania,ROU,2013,190949066979.176
Russian Federation,RUS,2013,2297128039058.21
Rwanda,RWA,2013,7621924854.16834
Samoa,WSM,2013,770021643.562694
San Marino,SMR,2013,1865374402.54912
Sao Tome and Principe,STP,2013,302925488.131749
Saudi Arabia,SAU,2013,746647127413.333
Senegal,SEN,2013,18960182371.4679
Serbia,SRB,2013,48394239474.6762
Seychelles,SYC,2013,1328157608.83087
Sierra Leone,SLE,2013,4920343194.99339
Singapore,SGP,2013,307576360584.992
Sint Maarten (Dutch part),SXM,2013,NA
Slovak Republic,SVK,2013,98723944143.6938
Slovenia,SVN,2013,48401896409.9842
Solomon Islands,SLB,2013,1129787198.20326
Somalia,SOM,2013,3892402684.75612
South Africa,ZAF,2013,366829390478.954
South Sudan,SSD,2013,18426469030.2078
Spain,ESP,2013,1354757433212.72
Sri Lanka,LKA,2013,74317806538.3632
St. Kitts and Nevis,KNA,2013,839774074.074074
St. Lucia,LCA,2013,1483814333.33333
St. Martin (French part),MAF,2013,NA
St. Vincent and the Grenadines,VCT,2013,721207407.407407
Sudan,SDN,2013,72065940085.7719
Suriname,SUR,2013,5145757575.75758
Sweden,SWE,2013,584637790103.989
Switzerland,CHE,2013,688504215507.029
Syrian Arab Republic,SYR,2013,NA
Tajikistan,TJK,2013,8448469837.53831
Tanzania,TZA,2013,45680532613.7591
Thailand,THA,2013,420333333333.333
Timor-Leste,TLS,2013,5637671700
Togo,TGO,2013,4320427495.74933
Tonga,TON,2013,450686353.674011
Trinidad and Tobago,TTO,2013,27268478564.5547
Tunisia,TUN,2013,46251061734.4741
Turkey,TUR,2013,950579413122.56
Turkmenistan,TKM,2013,39197543859.6491
Turks and Caicos Islands,TCA,2013,740776770
Tuvalu,TUV,2013,37507514.536976
Uganda,UGA,2013,24599550623.7254
Ukraine,UKR,2013,183310146378.081
United Arab Emirates,ARE,2013,390107556160.654
United Kingdom,GBR,2013,2786022872706.81
United States,USA,2013,16784849190000
Uruguay,URY,2013,57531233351.2089
Uzbekistan,UZB,2013,68997168337.6782
Vanuatu,VUT,2013,801787555.861121
"Venezuela, RB",VEN,2013,371005379786.566
Vietnam,VNM,2013,171222025117.381
Virgin Islands (U.S.),VIR,2013,3762000000
West Bank and Gaza,PSE,2013,12476000000
"Yemen, Rep.",YEM,2013,40415233436.1767
Zambia,ZMB,2013,28045460442.1876
Zimbabwe,ZWE,2013,19091020000
Afghanistan,AFG,2014,20484873230.2111
Albania,ALB,2014,13228244336.3241
Algeria,DZA,2014,213808808746.696
American Samoa,ASM,2014,642000000
Andorra,AND,2014,3350736367.25488
Angola,AGO,2014,145712200312.505
Antigua and Barbuda,ATG,2014,1249733333.33333
Argentina,ARG,2014,526319673731.638
Armenia,ARM,2014,11609512939.7543
Aruba,ABW,2014,2649720670.39106
Australia,AUS,2014,1467483705131.74
Austria,AUT,2014,441996131736.508
Azerbaijan,AZE,2014,75244294275.1498
"Bahamas, The",BHS,2014,10913300000
Bahrain,BHR,2014,33387686170.2128
Bangladesh,BGD,2014,172885454931.453
Barbados,BRB,2014,4696344350
Belarus,BLR,2014,78813839984.3506
Belgium,BEL,2014,534678075827.361
Belize,BLZ,2014,1662802599.10192
Benin,BEN,2014,9720362615.39829
Bermuda,BMU,2014,NA
Bhutan,BTN,2014,1907090812.90884
Bolivia,BOL,2014,32996188133.1404
Bosnia and Herzegovina,BIH,2014,18558343508.3435
Botswana,BWA,2014,16250750259.0212
Brazil,BRA,2014,2455994050148.75
British Virgin Islands,VGB,2014,NA
Brunei Darussalam,BRN,2014,17098342541.4365
Bulgaria,BGR,2014,56814543481.2102
Burkina Faso,BFA,2014,12377391462.6377
Burundi,BDI,2014,2705783272.07443
Cabo Verde,CPV,2014,1859898513.26858
Cambodia,KHM,2014,16702610842.4025
Cameroon,CMR,2014,34942948737.3967
Canada,CAN,2014,1801480123070.82
Cayman Islands,CYM,2014,4563017880.71523
Central African Republic,CAF,2014,1892292911.82509
Chad,TCD,2014,13922223233.5184
Channel Islands,CHI,2014,NA
Chile,CHL,2014,260541629960.729
China,CHN,2014,10438529153237.6
Colombia,COL,2014,381112119657.445
Comoros,COM,2014,1148058015.47633
"Congo, Dem. Rep.",COD,2014,35909040265.9328
"Congo, Rep.",COG,2014,14177437982.2619
Costa Rica,CRI,2014,50577769837.7462
Cote d'Ivoire,CIV,2014,35316491206.7797
Croatia,HRV,2014,57642879510.1075
Cuba,CUB,2014,80656000000
Curacao,CUW,2014,3158406033.51955
Cyprus,CYP,2014,23128114786.7676
Czech Republic,CZE,2014,207818330723.835
Denmark,DNK,2014,352993631617.708
Djibouti,DJI,2014,2216200810.48476
Dominica,DMA,2014,520207407.407407
Dominican Republic,DOM,2014,67179956264.3268
Ecuador,ECU,2014,101726331000
"Egypt, Arab Rep.",EGY,2014,305529656458.438
El Salvador,SLV,2014,22593000000
Equatorial Guinea,GNQ,2014,21736500712.9638
Eritrea,ERI,2014,NA
Estonia,EST,2014,26773472961.8253
Eswatini,SWZ,2014,4422304976.52658
Ethiopia,ETH,2014,55612228233.5179
Faroe Islands,FRO,2014,2850743875.2784
Fiji,FJI,2014,4856963229.83999
Finland,FIN,2014,274497230802.958
France,FRA,2014,2852165760630.27
French Polynesia,PYF,2014,NA
Gabon,GAB,2014,18179752009.7489
"Gambia, The",GMB,2014,1229460601.92174
Georgia,GEO,2014,17627060089.4829
Germany,DEU,2014,3883920155292.26
Ghana,GHA,2014,53601126663.9079
Gibraltar,GIB,2014,NA
Greece,GRC,2014,237029579260.722
Greenland,GRL,2014,2842048997.77283
Grenada,GRD,2014,911497407.407407
Guam,GUM,2014,5538000000
Guatemala,GTM,2014,58722323918.1604
Guinea,GIN,2014,8778473614.54728
Guinea-Bissau,GNB,2014,1053512334.17271
Guyana,GUY,2014,3077643313.70623
Haiti,HTI,2014,8775444941.93681
Honduras,HND,2014,19756494434.7031
"Hong Kong SAR, China",HKG,2014,291459356985.337
Hungary,HUN,2014,140558786480.464
Iceland,ISL,2014,17758089312.4856
India,IND,2014,2039127446298.55
Indonesia,IDN,2014,890814755233.225
"Iran, Islamic Rep.",IRN,2014,434474616831.914
Iraq,IRQ,2014,234648370497.427
Ireland,IRL,2014,258471885130.304
Isle of Man,IMN,2014,7428280401.5139
Israel,ISR,2014,309558454718.866
Italy,ITA,2014,2159133919743.77
Jamaica,JAM,2014,13897804560.3487
Japan,JPN,2014,4850413536037.84
Jordan,JOR,2014,36329267605.6338
Kazakhstan,KAZ,2014,221415572819.5
Kenya,KEN,2014,61448046801.6041
Kiribati,KIR,2014,179703443.302686
"Korea, Dem. People’s Rep.",PRK,2014,NA
"Korea, Rep.",KOR,2014,1411333926201.24
Kosovo,XKX,2014,7386883375.34828
Kuwait,KWT,2014,162631763879.129
Kyrgyz Republic,KGZ,2014,7468096566.71158
Lao PDR,LAO,2014,13268458231.9284
Latvia,LVA,2014,31382780146.4181
Lebanon,LBN,2014,48296099502.4876
Lesotho,LSO,2014,2608269551.8008
Liberia,LBR,2014,3144000000
Libya,LBY,2014,41142722414.3351
Liechtenstein,LIE,2014,6657170923.37918
Lithuania,LTU,2014,48485169331.368
Luxembourg,LUX,2014,66103853236.7572
"Macao SAR, China",MAC,2014,55347998647.8196
Madagascar,MDG,2014,12522957228.1764
Malawi,MWI,2014,6047813437.31804
Malaysia,MYS,2014,338061963396.376
Maldives,MDV,2014,3697351596.83753
Mali,MLI,2014,14345831014.6335
Malta,MLT,2014,11303729347.0846
Marshall Islands,MHL,2014,184689500
Mauritania,MRT,2014,5391555433.76476
Mauritius,MUS,2014,12803445933.5894
Mexico,MEX,2014,1314563967425.24
"Micronesia, Fed. Sts.",FSM,2014,319271156.353297
Moldova,MDA,2014,9510219299.49557
Monaco,MCO,2014,7060236168.2367
Mongolia,MNG,2014,12226514722.0861
Montenegro,MNE,2014,4587928884.17142
Morocco,MAR,2014,110081248587.369
Mozambique,MOZ,2014,17716084107.5888
Myanmar,MMR,2014,65446199787.8425
Namibia,NAM,2014,12786078008.2376
Nauru,NRU,2014,117009639.217846
Nepal,NPL,2014,20002968837.9471
Netherlands,NLD,2014,890981311077.658
New Caledonia,NCL,2014,NA
New Zealand,NZL,2014,200834001603.85
Nicaragua,NIC,2014,11880395548.3476
Niger,NER,2014,8229731383.75656
Nigeria,NGA,2014,568498937615.656
North Macedonia,MKD,2014,11362272837.8818
Northern Mariana Islands,MNP,2014,845000000
Norway,NOR,2014,498410050251.256
Oman,OMN,2014,81076723016.9051
Pakistan,PAK,2014,244360888750.807
Palau,PLW,2014,243147000
Panama,PAN,2014,49921500000
Papua New Guinea,PNG,2014,23210682536.8359
Paraguay,PRY,2014,40276532540.8812
Peru,PER,2014,200789362451.567
Philippines,PHL,2014,284584522898.872
Poland,POL,2014,545389126644.476
Portugal,PRT,2014,229596170846.995
Puerto Rico,PRI,2014,102445800000
Qatar,QAT,2014,206224725274.725
Romania,ROU,2014,199626806401.529
Russian Federation,RUS,2014,2059984158438.46
Rwanda,RWA,2014,8016593394.23229
Samoa,WSM,2014,756919933.524059
San Marino,SMR,2014,1788510017.24824
Sao Tome and Principe,STP,2014,348941656.435664
Saudi Arabia,SAU,2014,756350347333.334
Senegal,SEN,2014,19770840285.9946
Serbia,SRB,2014,47062206677.6539
Seychelles,SYC,2014,1343007845.04468
Sierra Leone,SLE,2014,5015157815.73406
Singapore,SGP,2014,314851156183.411
Sint Maarten (Dutch part),SXM,2014,NA
Slovak Republic,SVK,2014,101171217100.824
Slovenia,SVN,2014,49930685013.4603
Solomon Islands,SLB,2014,1172268300.95047
Somalia,SOM,2014,3963532308.99597
South Africa,ZAF,2014,350904575292.317
South Sudan,SSD,2014,13962212837.4671
Spain,ESP,2014,1369398844599.58
Sri Lanka,LKA,2014,79356449840.5771
St. Kitts and Nevis,KNA,2014,916566666.666667
St. Lucia,LCA,2014,1559072148.14815
St. Martin (French part),MAF,2014,NA
St. Vincent and the Grenadines,VCT,2014,727714814.814815
Sudan,SDN,2014,82151588418.8325
Suriname,SUR,2014,5240606060.60606
Sweden,SWE,2014,580249344644.964
Switzerland,CHE,2014,709182183359.844
Syrian Arab Republic,SYR,2014,NA
Tajikistan,TJK,2014,9112544556.05962
Tanzania,TZA,2014,49964788814.0927
Thailand,THA,2014,407339361695.577
Timor-Leste,TLS,2014,4041637000
Togo,TGO,2014,4569131195.45321
Tonga,TON,2014,443911052.254042
Trinidad and Tobago,TTO,2014,27615843098.0949
Tunisia,TUN,2014,47632326088.237
Turkey,TUR,2014,934185915386.096
Turkmenistan,TKM,2014,43524210526.3158
Turks and Caicos Islands,TCA,2014,823968140
Tuvalu,TUV,2014,37291841.426971
Uganda,UGA,2014,27291879819.3622
Ukraine,UKR,2014,133503411375.739
United Arab Emirates,ARE,2014,403137100068.073
United Kingdom,GBR,2014,3063803240208.01
United States,USA,2014,17521746534000
Uruguay,URY,2014,57236013057.6443
Uzbekistan,UZB,2014,76658542757.4707
Vanuatu,VUT,2014,814954306.971033
"Venezuela, RB",VEN,2014,482359318767.703
Vietnam,VNM,2014,186204652922.262
Virgin Islands (U.S.),VIR,2014,3622000000
West Bank and Gaza,PSE,2014,12715600000
"Yemen, Rep.",YEM,2014,43228585321.3272
Zambia,ZMB,2014,27150630607.2032
Zimbabwe,ZWE,2014,19495519600
Afghanistan,AFG,2015,19907111418.9938
Albania,ALB,2015,11386927679.0875
Algeria,DZA,2015,165978425168.386
American Samoa,ASM,2015,661000000
Andorra,AND,2015,2811489408.89431
Angola,AGO,2015,116193649124.151
Antigua and Barbuda,ATG,2015,1336692592.59259
Argentina,ARG,2015,594749285413.212
Armenia,ARM,2015,10553337672.9872
Aruba,ABW,2015,2691620111.73184
Australia,AUS,2015,1351693984524.5
Austria,AUT,2015,381817565893.574
Azerbaijan,AZE,2015,53074468085.1064
"Bahamas, The",BHS,2015,11752300000
Bahrain,BHR,2015,31125877659.5745
Bangladesh,BGD,2015,195078678697.23
Barbados,BRB,2015,4725500000
Belarus,BLR,2015,56454734396.5842
Belgium,BEL,2015,462149679343.822
Belize,BLZ,2015,1723785356.56776
Benin,BEN,2015,8294490789.00164
Bermuda,BMU,2015,NA
Bhutan,BTN,2015,2003598213.03141
Bolivia,BOL,2015,33000198263.3864
Bosnia and Herzegovina,BIH,2015,16211540686.1355
Botswana,BWA,2015,14420604205.7459
Brazil,BRA,2015,1802214373741.32
British Virgin Islands,VGB,2015,NA
Brunei Darussalam,BRN,2015,12930394937.8137
Bulgaria,BGR,2015,50201314894.5817
Burkina Faso,BFA,2015,10419303761.3524
Burundi,BDI,2015,3104394858.11518
Cabo Verde,CPV,2015,1596800287.16405
Cambodia,KHM,2015,18049954289.4229
Cameroon,CMR,2015,30916218544.4404
Canada,CAN,2015,1552899925233.71
Cayman Islands,CYM,2015,4708336733.46934
Central African Republic,CAF,2015,1695143879.57045
Chad,TCD,2015,10945989471.6286
Channel Islands,CHI,2015,NA
Chile,CHL,2015,243919085308.785
China,CHN,2015,11015542352468.9
Colombia,COL,2015,293481748240.779
Comoros,COM,2015,965640593.037584
"Congo, Dem. Rep.",COD,2015,37917704900.0794
"Congo, Rep.",COG,2015,8553154580.39951
Costa Rica,CRI,2015,54775994478.5095
Cote d'Ivoire,CIV,2015,33131114321.6792
Croatia,HRV,2015,49530656285.0852
Cuba,CUB,2015,87133000000
Curacao,CUW,2015,3151910782.1229
Cyprus,CYP,2015,19779150116.4984
Czech Republic,CZE,2015,186829940545.759
Denmark,DNK,2015,302673068765.972
Djibouti,DJI,2015,2445484583.05199
Dominica,DMA,2015,540737037.037037
Dominican Republic,DOM,2015,71164826720.514
Ecuador,ECU,2015,99290381000
"Egypt, Arab Rep.",EGY,2015,332698041030.807
El Salvador,SLV,2015,23438000000
Equatorial Guinea,GNQ,2015,13180195435.1132
Eritrea,ERI,2015,NA
Estonia,EST,2015,23048864242.6072
Eswatini,SWZ,2015,4073390988.34931
Ethiopia,ETH,2015,64589334978.8013
Faroe Islands,FRO,2015,2518096285.61661
Fiji,FJI,2015,4682546863.08162
Finland,FIN,2015,234585368746.272
France,FRA,2015,2438207896251.84
French Polynesia,PYF,2015,NA
Gabon,GAB,2015,14377324797.637
"Gambia, The",GMB,2015,1378176868.31568
Georgia,GEO,2015,14953950557.4406
Germany,DEU,2015,3360549973888.58
Ghana,GHA,2015,49181854798.2552
Gibraltar,GIB,2015,NA
Greece,GRC,2015,196591353761.226
Greenland,GRL,2015,2499115623.00272
Grenada,GRD,2015,997007925.925926
Guam,GUM,2015,5710000000
Guatemala,GTM,2015,63767597193.9175
Guinea,GIN,2015,8794202443.67366
Guinea-Bissau,GNB,2015,1047808175.00057
Guyana,GUY,2015,3197220338.98305
Haiti,HTI,2015,8724656126.49849
Honduras,HND,2015,20979767785.2104
"Hong Kong SAR, China",HKG,2015,309383627028.561
Hungary,HUN,2015,124529741437.176
Iceland,ISL,2015,17344165907.2129
India,IND,2015,2103587813812.75
Indonesia,IDN,2015,860854235065.079
"Iran, Islamic Rep.",IRN,2015,385874474398.59
Iraq,IRQ,2015,177498577312.923
Ireland,IRL,2015,291499812103.645
Isle of Man,IMN,2015,6792417112.29947
Israel,ISR,2015,299813121212.641
Italy,ITA,2015,1835899237320.04
Jamaica,JAM,2015,14187696311.3556
Japan,JPN,2015,4389475622588.97
Jordan,JOR,2015,38043450704.2253
Kazakhstan,KAZ,2015,184388432148.715
Kenya,KEN,2015,64007750178.501404
Kiribati,KIR,2015,171117872.436331
"Korea, Dem. People’s Rep.",PRK,2015,NA
"Korea, Rep.",KOR,2015,1382764027113.82
Kosovo,XKX,2015,6440067649.99446
Kuwait,KWT,2015,114567298105.683
Kyrgyz Republic,KGZ,2015,6678178340.45121
Lao PDR,LAO,2015,14390442307.3996
Latvia,LVA,2015,27090019662.7977
Lebanon,LBN,2015,49973893200.6633
Lesotho,LSO,2015,2289799039.79675
Liberia,LBR,2015,3177000000
Libya,LBY,2015,27842131479.8726
Liechtenstein,LIE,2015,6268391521.19701
Lithuania,LTU,2015,41392396557.6337
Luxembourg,LUX,2015,57744457954.7297
"Macao SAR, China",MAC,2015,45361678146.5247
Madagascar,MDG,2015,11323020828.5758
Malawi,MWI,2015,6373212640.84604
Malaysia,MYS,2015,301354756113.174
Maldives,MDV,2015,4109424799.72407
Mali,MLI,2015,13099497220.4728
Malta,MLT,2015,10715545898.6342
Marshall Islands,MHL,2015,184599600
Mauritania,MRT,2015,4828858024.69136
Mauritius,MUS,2015,11692287066.381
Mexico,MEX,2015,1170564619927.69
"Micronesia, Fed. Sts.",FSM,2015,316489947.494367
Moldova,MDA,2015,7745231660.33425
Monaco,MCO,2015,6258844405.01275
Mongolia,MNG,2015,11749620619.5962
Montenegro,MNE,2015,4052913385.82677
Morocco,MAR,2015,101179808076.36
Mozambique,MOZ,2015,15950969018.9458
Myanmar,MMR,2015,59687410896.5734
Namibia,NAM,2015,11650656642.2655
Nauru,NRU,2015,99966636.1594143
Nepal,NPL,2015,21410840908.5198
Netherlands,NLD,2015,765264949780.999
New Caledonia,NCL,2015,NA
New Zealand,NZL,2015,177208110322.704
Nicaragua,NIC,2015,12756706583.3113
Niger,NER,2015,7217667780.59665
Nigeria,NGA,2015,494583180777.103
North Macedonia,MKD,2015,10064515432.0265
Northern Mariana Islands,MNP,2015,931000000
Norway,NOR,2015,385801550067.169
Oman,OMN,2015,68921456436.9311
Pakistan,PAK,2015,270556131701.171
Palau,PLW,2015,280376100
Panama,PAN,2015,54091700000
Papua New Guinea,PNG,2015,21723531182.1369
Paraguay,PRY,2015,36164068797.2511
Peru,PER,2015,189805300841.603
Philippines,PHL,2015,292774099013.687
Poland,POL,2015,477576866958.483
Portugal,PRT,2015,199313894327.486
Puerto Rico,PRI,2015,103375500000
Qatar,QAT,2015,161739835164.835
Romania,ROU,2015,177893451831.141
Russian Federation,RUS,2015,1363594369577.82
Rwanda,RWA,2015,8277614580.58676
Samoa,WSM,2015,788307314.850856
San Marino,SMR,2015,1523012088.2777
Sao Tome and Principe,STP,2015,318265835.263324
Saudi Arabia,SAU,2015,654269902880
Senegal,SEN,2015,17767704596.9267
Serbia,SRB,2015,39628550868.7509
Seychelles,SYC,2015,1377495054.04127
Sierra Leone,SLE,2015,4218723875.1379
Singapore,SGP,2015,308004146057.608
Sint Maarten (Dutch part),SXM,2015,NA
Slovak Republic,SVK,2015,88457167724.277
Slovenia,SVN,2015,43090173061.9713
Solomon Islands,SLB,2015,1154650068.85921
Somalia,SOM,2015,4048860871.41323
South Africa,ZAF,2015,317620522794.827
South Sudan,SSD,2015,11997800751.0613
Spain,ESP,2015,1195119269971.52
Sri Lanka,LKA,2015,80604080688.5775
St. Kitts and Nevis,KNA,2015,923155555.555555
St. Lucia,LCA,2015,1659110888.88889
St. Martin (French part),MAF,2015,NA
St. Vincent and the Grenadines,VCT,2015,755400000
Sudan,SDN,2015,96741742021.6738
Suriname,SUR,2015,4787367928.11777
Sweden,SWE,2015,503650641896.128
Switzerland,CHE,2015,679832391757.542
Syrian Arab Republic,SYR,2015,NA
Tajikistan,TJK,2015,7854602391.65355
Tanzania,TZA,2015,47378599025.3044
Thailand,THA,2015,401295970240.337
Timor-Leste,TLS,2015,3092624800
Togo,TGO,2015,4179185205.16122
Tonga,TON,2015,435438217.281663
Trinidad and Tobago,TTO,2015,25062893969.3292
Tunisia,TUN,2015,43173480831.9739
Turkey,TUR,2015,859796872677.614
Turkmenistan,TKM,2015,35799714285.7143
Turks and Caicos Islands,TCA,2015,893501650
Tuvalu,TUV,2015,35492333.8641732
Uganda,UGA,2015,27102650386.6012
Ukraine,UKR,2015,91030959454.6961
United Arab Emirates,ARE,2015,358135057862.492
United Kingdom,GBR,2015,2928591002002.51
United States,USA,2015,18219297584000
Uruguay,URY,2015,53274304222.1829
Uzbekistan,UZB,2015,81847410181.7953
Vanuatu,VUT,2015,759689950.930918
"Venezuela, RB",VEN,2015,NA
Vietnam,VNM,2015,193241108709.536
Virgin Islands (U.S.),VIR,2015,3748000000
West Bank and Gaza,PSE,2015,12673000000
"Yemen, Rep.",YEM,2015,42628328212.1041
Zambia,ZMB,2015,21243350632.5008
Zimbabwe,ZWE,2015,19963120600
Afghanistan,AFG,2016,19362642266.6484
Albania,ALB,2016,11861353752.0672
Algeria,DZA,2016,160032930353.764
American Samoa,ASM,2016,652000000
Andorra,AND,2016,2877311946.90265
Angola,AGO,2016,101123851090.455
Antigua and Barbuda,ATG,2016,1436585185.18519
Argentina,ARG,2016,557531376217.967
Armenia,ARM,2016,10546135160.031
Aruba,ABW,2016,2646927374.30168
Australia,AUS,2016,1208846993739.99
Austria,AUT,2016,395227684138.862
Azerbaijan,AZE,2016,37867518957.1975
"Bahamas, The",BHS,2016,11938400000
Bahrain,BHR,2016,32250132978.7234
Bangladesh,BGD,2016,221415188000.475
Barbados,BRB,2016,4840500000
Belarus,BLR,2016,47722657820.6675
Belgium,BEL,2016,476056833074.336
Belize,BLZ,2016,1775100178.68896
Benin,BEN,2016,8578984066.29974
Bermuda,BMU,2016,NA
Bhutan,BTN,2016,2158972128.46907
Bolivia,BOL,2016,33941126193.9219
Bosnia and Herzegovina,BIH,2016,16913330693.9653
Botswana,BWA,2016,15646316818.3319
Brazil,BRA,2016,1796275437087.99
British Virgin Islands,VGB,2016,NA
Brunei Darussalam,BRN,2016,11400854267.7188
Bulgaria,BGR,2016,53240950226.2443
Burkina Faso,BFA,2016,10867024151.6053
Burundi,BDI,2016,2959640987.29943
Cabo Verde,CPV,2016,1663008687.09505
Cambodia,KHM,2016,20159271964.9628
Cameroon,CMR,2016,32621535418.9031
Canada,CAN,2016,1526705529135.32
Cayman Islands,CYM,2016,4898908676.34705
Central African Republic,CAF,2016,1823779165.27967
Chad,TCD,2016,10090922857.3905
Channel Islands,CHI,2016,NA
Chile,CHL,2016,250339863130.847
China,CHN,2016,11137945669350.6
Colombia,COL,2016,282825009887.458
Comoros,COM,2016,1012147323.79343
"Congo, Dem. Rep.",COD,2016,37134799974.5225
"Congo, Rep.",COG,2016,9035848070.90357
Costa Rica,CRI,2016,57157992434.1805
Cote d'Ivoire,CIV,2016,35296977343.6523
Croatia,HRV,2016,51596929180.1352
Cuba,CUB,2016,91370000000
Curacao,CUW,2016,3122287932.96089
Cyprus,CYP,2016,20890936462.2537
Czech Republic,CZE,2016,195090272402.729
Denmark,DNK,2016,313115929314.339
Djibouti,DJI,2016,2618587757.14607
Dominica,DMA,2016,576229629.629629
Dominican Republic,DOM,2016,75704647977.3087
Ecuador,ECU,2016,99937696000
"Egypt, Arab Rep.",EGY,2016,332927833278.038
El Salvador,SLV,2016,24154000000
Equatorial Guinea,GNQ,2016,11233177619.4663
Eritrea,ERI,2016,NA
Estonia,EST,2016,23996451497.6139
Eswatini,SWZ,2016,3840677844.57852
Ethiopia,ETH,2016,74296618481.0882
Faroe Islands,FRO,2016,2689157270.82312
Fiji,FJI,2016,4930204219.71304
Finland,FIN,2016,240570297852.344
France,FRA,2016,2471285607081.72
French Polynesia,PYF,2016,NA
Gabon,GAB,2016,14014369641.7689
"Gambia, The",GMB,2016,1467255923.49024
Georgia,GEO,2016,15141758566.7808
Germany,DEU,2016,3466790065011.83
Ghana,GHA,2016,55009730600.0307
Gibraltar,GIB,2016,NA
Greece,GRC,2016,195222443512.937
Greenland,GRL,2016,2707146783.13056
Grenada,GRD,2016,1061631222.22222
Guam,GUM,2016,5795000000
Guatemala,GTM,2016,68663649521.7042
Guinea,GIN,2016,8603833218.24226
Guinea-Bissau,GNB,2016,1178204501.38801
Guyana,GUY,2016,3504024213.07506
Haiti,HTI,2016,7970649131.23416
Honduras,HND,2016,21717622071.3816
"Hong Kong SAR, China",HKG,2016,320860698504.309
Hungary,HUN,2016,127507473625.632
Iceland,ISL,2016,20716024757.4057
India,IND,2016,2290432075123.75
Indonesia,IDN,2016,931877364177.742
"Iran, Islamic Rep.",IRN,2016,418976679728.567
Iraq,IRQ,2016,174878976033.941
Ireland,IRL,2016,300523297712.96
Isle of Man,IMN,2016,6592627599.24386
Israel,ISR,2016,318950599017.506
Italy,ITA,2016,1875579883543.09
Jamaica,JAM,2016,14075894320.3166
Japan,JPN,2016,4926667087367.51
Jordan,JOR,2016,39196676056.338
Kazakhstan,KAZ,2016,137278320084.171
Kenya,KEN,2016,69188755511.0911
Kiribati,KIR,2016,178328873.030033
"Korea, Dem. People’s Rep.",PRK,2016,NA
"Korea, Rep.",KOR,2016,1414804158515.26
Kosovo,XKX,2016,6714726769.9115
Kuwait,KWT,2016,109420059582.92
Kyrgyz Republic,KGZ,2016,6813092065.83507
Lao PDR,LAO,2016,15805692545.8723
Latvia,LVA,2016,27734140217.3664
Lebanon,LBN,2016,51239050082.9187
Lesotho,LSO,2016,2314323471.3948
Liberia,LBR,2016,3277826000
Libya,LBY,2016,26197143268.1243
Liechtenstein,LIE,2016,6214633651.30911
Lithuania,LTU,2016,43021972484.8299
Luxembourg,LUX,2016,60691483443.1221
"Macao SAR, China",MAC,2016,45387299721.0792
Madagascar,MDG,2016,11848613735.1933
Malawi,MWI,2016,5433040159.88747
Malaysia,MYS,2016,301255454041.415
Maldives,MDV,2016,4379136461.83077
Mali,MLI,2016,14010787737.8424
Malta,MLT,2016,11452895366.67
Marshall Islands,MHL,2016,200558400
Mauritania,MRT,2016,4679346590.90909
Mauritius,MUS,2016,12232463655.5727
Mexico,MEX,2016,1077903618176.07
"Micronesia, Fed. Sts.",FSM,2016,332265162.497548
Moldova,MDA,2016,8071480540.86068
Monaco,MCO,2016,6468694690.26549
Mongolia,MNG,2016,11186734674.3847
Montenegro,MNE,2016,4374128318.58407
Morocco,MAR,2016,103311649248.024
Mozambique,MOZ,2016,11936999283.1791
Myanmar,MMR,2016,63256184700.2223
Namibia,NAM,2016,11286139080.0065
Nauru,NRU,2016,102052700.538652
Nepal,NPL,2016,21185922407.5922
Netherlands,NLD,2016,783528181704.567
New Caledonia,NCL,2016,NA
New Zealand,NZL,2016,187854022728.459
Nicaragua,NIC,2016,13286048705.496
Niger,NER,2016,7528285443.60769
Nigeria,NGA,2016,404649527537.753
North Macedonia,MKD,2016,10672471860.7184
Northern Mariana Islands,MNP,2016,1250000000
Norway,NOR,2016,368827142857.143
Oman,OMN,2016,65941482444.7334
Pakistan,PAK,2016,278654637737.69
Palau,PLW,2016,300125600
Panama,PAN,2016,57957600000
Papua New Guinea,PNG,2016,20759069104.55
Paraguay,PRY,2016,36054281572.3981
Peru,PER,2016,191895943823.887
Philippines,PHL,2016,304897590205.413
Poland,POL,2016,472028000405.803
Portugal,PRT,2016,206286022781.894
Puerto Rico,PRI,2016,104336700000
Qatar,QAT,2016,151732142857.143
Romania,ROU,2016,188494136775.719
Russian Federation,RUS,2016,1282723881134.01
Rwanda,RWA,2016,8475622319.014
Samoa,WSM,2016,799376439.999273
San Marino,SMR,2016,1564380530.97345
Sao Tome and Principe,STP,2016,347545391.785
Saudi Arabia,SAU,2016,644935541440
Senegal,SEN,2016,19027392875.8489
Serbia,SRB,2016,40630392018.541
Seychelles,SYC,2016,1427524565.30226
Sierra Leone,SLE,2016,3674794530.18956
Singapore,SGP,2016,318068476293.883
Sint Maarten (Dutch part),SXM,2016,NA
Slovak Republic,SVK,2016,89640741266.0295
Slovenia,SVN,2016,44651537259.9731
Solomon Islands,SLB,2016,1230459709.77114
Somalia,SOM,2016,4198485403.87919
South Africa,ZAF,2016,296357282715.109
South Sudan,SSD,2016,NA
Spain,ESP,2016,1232076017361.53
Sri Lanka,LKA,2016,82401038709.5356
St. Kitts and Nevis,KNA,2016,971166666.666667
St. Lucia,LCA,2016,1701596814.81481
St. Martin (French part),MAF,2016,NA
St. Vincent and the Grenadines,VCT,2016,774429629.62963
Sudan,SDN,2016,95558220776.921
Suriname,SUR,2016,3166040522.7499
Sweden,SWE,2016,515744370225.386
Switzerland,CHE,2016,671308872735.114
Syrian Arab Republic,SYR,2016,NA
Tajikistan,TJK,2016,6952678127.03396
Tanzania,TZA,2016,49774021003.0747
Thailand,THA,2016,412352789519.611
Timor-Leste,TLS,2016,2503532100
Togo,TGO,2016,4483932937.18367
Tonga,TON,2016,401109307.359307
Trinidad and Tobago,TTO,2016,22284780326.8856
Tunisia,TUN,2016,41802653631.2849
Turkey,TUR,2016,863721648068.806
Turkmenistan,TKM,2016,36180000000
Turks and Caicos Islands,TCA,2016,950357510
Tuvalu,TUV,2016,36547419.8730745
Uganda,UGA,2016,24133664284.5089
Ukraine,UKR,2016,93355993628.5042
United Arab Emirates,ARE,2016,357045064669.843
United Kingdom,GBR,2016,2694283209613.29
United States,USA,2016,18707188235000
Uruguay,URY,2016,52687612262.177
Uzbekistan,UZB,2016,81779012350.8833
Vanuatu,VUT,2016,804332795.575017
"Venezuela, RB",VEN,2016,NA
Vietnam,VNM,2016,205276172134.901
Virgin Islands (U.S.),VIR,2016,3863000000
West Bank and Gaza,PSE,2016,13425700000
"Yemen, Rep.",YEM,2016,30968242967.7823
Zambia,ZMB,2016,20954754378.1394
Zimbabwe,ZWE,2016,20548678100
Afghanistan,AFG,2017,20191764940.1602
Albania,ALB,2017,13025064966.5784
Algeria,DZA,2017,167390266100.763
American Samoa,ASM,2017,602000000
Andorra,AND,2017,3013387423.93509
Angola,AGO,2017,122123822333.591
Antigua and Barbuda,ATG,2017,1467977777.77778
Argentina,ARG,2017,642695864756.35
Armenia,ARM,2017,11527458565.7334
Aruba,ABW,2017,2700558659.21788
Australia,AUS,2017,1330135756844.41
Austria,AUT,2017,417282900758.043
Azerbaijan,AZE,2017,40865558912.3867
"Bahamas, The",BHS,2017,12150400000
Bahrain,BHR,2017,35432686170.2128
Bangladesh,BGD,2017,249723862487.361
Barbados,BRB,2017,4989500000
Belarus,BLR,2017,54726595249.1849
Belgium,BEL,2017,503004504395.429
Belize,BLZ,2017,1836593466.18157
Benin,BEN,2017,9269594834.77931
Bermuda,BMU,2017,NA
Bhutan,BTN,2017,2450364928.75022
Bolivia,BOL,2017,37508642257.5977
Bosnia and Herzegovina,BIH,2017,18080118128.3854
Botswana,BWA,2017,17405538618.3969
Brazil,BRA,2017,2053594973992.61
British Virgin Islands,VGB,2017,NA
Brunei Darussalam,BRN,2017,12128104859.1498
Bulgaria,BGR,2017,58220973782.7715
Burkina Faso,BFA,2017,12330338343.2865
Burundi,BDI,2017,3172292379.36329
Cabo Verde,CPV,2017,1769787215.42141
Cambodia,KHM,2017,22180376505.7284
Cameroon,CMR,2017,34922782310.6416
Canada,CAN,2017,1646867220617.47
Cayman Islands,CYM,2017,5141833913.35653
Central African Republic,CAF,2017,2067230996.47377
Chad,TCD,2017,9975692095.40855
Channel Islands,CHI,2017,NA
Chile,CHL,2017,277746461078.319
China,CHN,2017,12143491448186.1
Colombia,COL,2017,311789874617.096
Comoros,COM,2017,1074778460.9556
"Congo, Dem. Rep.",COD,2017,38019265625.8845
"Congo, Rep.",COG,2017,8701334800.21976
Costa Rica,CRI,2017,58174549218.3352
Cote d'Ivoire,CIV,2017,38053606750.5179
Croatia,HRV,2017,55319620157.6135
Cuba,CUB,2017,96851000000
Curacao,CUW,2017,3116610111.73184
Cyprus,CYP,2017,22638608224.1301
Czech Republic,CZE,2017,215913545038.43
Denmark,DNK,2017,329417067127.816
Djibouti,DJI,2017,2766868072.24848
Dominica,DMA,2017,519837037.037037
Dominican Republic,DOM,2017,79998045976.4898
Ecuador,ECU,2017,104295862000
"Egypt, Arab Rep.",EGY,2017,235369129337.711
El Salvador,SLV,2017,24928000000
Equatorial Guinea,GNQ,2017,12289913729.3358
Eritrea,ERI,2017,NA
Estonia,EST,2017,26792757827.3154
Eswatini,SWZ,2017,4446248678.17126
Ethiopia,ETH,2017,81760441158.7556
Faroe Islands,FRO,2017,NA
Fiji,FJI,2017,5353404418.66414
Finland,FIN,2017,254435041879.238
France,FRA,2017,2586285406561.51
French Polynesia,PYF,2017,NA
Gabon,GAB,2017,14892609693.1667
"Gambia, The",GMB,2017,1504954957.89304
Georgia,GEO,2017,16242956764.2957
Germany,DEU,2017,3656749414477.08
Ghana,GHA,2017,58996776237.7603
Gibraltar,GIB,2017,NA
Greece,GRC,2017,203085551429.132
Greenland,GRL,2017,NA
Grenada,GRD,2017,1126882296.2963
Guam,GUM,2017,5851000000
Guatemala,GTM,2017,75620081928.17
Guinea,GIN,2017,10324668266.5921
Guinea-Bissau,GNB,2017,1346841897.00437
Guyana,GUY,2017,3555205811.13802
Haiti,HTI,2017,8409497402.4589
Honduras,HND,2017,23100748921.7485
"Hong Kong SAR, China",HKG,2017,341687111841.092
Hungary,HUN,2017,141510583019.556
Iceland,ISL,2017,24489493459.0074
India,IND,2017,2652242857923.91
Indonesia,IDN,2017,1015423455783.28
"Iran, Islamic Rep.",IRN,2017,454012768723.589
Iraq,IRQ,2017,195473049875.108
Ireland,IRL,2017,334834010485.56
Isle of Man,IMN,2017,6770532818.53282
Israel,ISR,2017,353253406954.97
Italy,ITA,2017,1956960611690.59
Jamaica,JAM,2017,14806340821.0871
Japan,JPN,2017,4859950558538.97
Jordan,JOR,2017,40708943661.9718
Kazakhstan,KAZ,2017,166805800595.704
Kenya,KEN,2017,78757391333.0219
Kiribati,KIR,2017,185572501.532802
"Korea, Dem. People’s Rep.",PRK,2017,NA
"Korea, Rep.",KOR,2017,1530750923148.7
Kosovo,XKX,2017,7227700022.53775
Kuwait,KWT,2017,120707550280.251
Kyrgyz Republic,KGZ,2017,7702934800.12836
Lao PDR,LAO,2017,16853087485.4118
Latvia,LVA,2017,30198231776.3706
Lebanon,LBN,2017,53393799668.325
Lesotho,LSO,2017,2565352373.26551
Liberia,LBR,2017,3285455000
Libya,LBY,2017,37881431912.7565
Liechtenstein,LIE,2017,NA
Lithuania,LTU,2017,47632961168.4141
Luxembourg,LUX,2017,64023412339.7075
"Macao SAR, China",MAC,2017,50751059058.0613
Madagascar,MDG,2017,13176313593.5509
Malawi,MWI,2017,6303292264.18905
Malaysia,MYS,2017,318958236443.122
Maldives,MDV,2017,4735989972.05433
Mali,MLI,2017,15337740140.8637
Malta,MLT,2017,12768671649.7805
Marshall Islands,MHL,2017,212881000
Mauritania,MRT,2017,4905893854.7486
Mauritius,MUS,2017,13259351418.4459
Mexico,MEX,2017,1157736189998.15
"Micronesia, Fed. Sts.",FSM,2017,366666808.576418
Moldova,MDA,2017,9669759987.02633
Monaco,MCO,2017,6415370745.99955
Mongolia,MNG,2017,11425755279.5395
Montenegro,MNE,2017,4844592066.71174
Morocco,MAR,2017,109714300453.983
Mozambique,MOZ,2017,13219084261.3664
Myanmar,MMR,2017,66719084253.4803
Namibia,NAM,2017,13566192144.4614
Nauru,NRU,2017,113884908.36413
Nepal,NPL,2017,25180583769.9244
Netherlands,NLD,2017,831809944960.879
New Caledonia,NCL,2017,NA
New Zealand,NZL,2017,202590814084.991
Nicaragua,NIC,2017,13843612004.9649
Niger,NER,2017,8119710126.32655
Nigeria,NGA,2017,375745486520.715
North Macedonia,MKD,2017,11279509013.9119
Northern Mariana Islands,MNP,2017,1601000000
Norway,NOR,2017,398393955268.99
Oman,OMN,2017,70597919375.8127
Pakistan,PAK,2017,304567253219.097
Palau,PLW,2017,286321800
Panama,PAN,2017,62283800000
Papua New Guinea,PNG,2017,22742613549.3956
Paraguay,PRY,2017,39008900331.6733
Peru,PER,2017,211007207483.515
Philippines,PHL,2017,313619747740.186
Poland,POL,2017,526216495118.144
Portugal,PRT,2017,220811110492.149
Puerto Rico,PRI,2017,104250200000
Qatar,QAT,2017,166928571428.571
Romania,ROU,2017,211695422578.655
Russian Federation,RUS,2017,1578624060588.26
Rwanda,RWA,2017,9140429057.8874
Samoa,WSM,2017,831903814.094124
San Marino,SMR,2017,1632860040.56795
Sao Tome and Principe,STP,2017,375040173.816889
Saudi Arabia,SAU,2017,688586133333.333
Senegal,SEN,2017,21081669869.9833
Serbia,SRB,2017,44120424391.86
Seychelles,SYC,2017,1503168689.81984
Sierra Leone,SLE,2017,3739577973.23943
Singapore,SGP,2017,338406474038.67
Sint Maarten (Dutch part),SXM,2017,NA
Slovak Republic,SVK,2017,95241436351.7628
Slovenia,SVN,2017,48441722815.6069
Solomon Islands,SLB,2017,1309631135.2273
Somalia,SOM,2017,4508845348.32757
South Africa,ZAF,2017,349554116683.818
South Sudan,SSD,2017,NA
Spain,ESP,2017,1309309642308.24
Sri Lanka,LKA,2017,88019706803.834
St. Kitts and Nevis,KNA,2017,996944444.444444
St. Lucia,LCA,2017,1816728740.74074
St. Martin (French part),MAF,2017,NA
St. Vincent and the Grenadines,VCT,2017,792177777.777778
Sudan,SDN,2017,123053386001.137
Suriname,SUR,2017,3068766109.75333
Sweden,SWE,2017,540545236387.733
Switzerland,CHE,2017,679950915261.122
Syrian Arab Republic,SYR,2017,NA
Tajikistan,TJK,2017,7157865188.25222
Tanzania,TZA,2017,53320625958.5628
Thailand,THA,2017,455275517239.347
Timor-Leste,TLS,2017,2487269400
Togo,TGO,2017,4808043652.61932
Tonga,TON,2017,430174168.740104
Trinidad and Tobago,TTO,2017,22474828527.1775
Tunisia,TUN,2017,39813383483.5083
Turkey,TUR,2017,852676778300.885
Turkmenistan,TKM,2017,37926285714.2857
Turks and Caicos Islands,TCA,2017,962525840
Tuvalu,TUV,2017,40620557.1335093
Uganda,UGA,2017,25995031850.1545
Ukraine,UKR,2017,112190355158.178
United Arab Emirates,ARE,2017,377701060177.47
United Kingdom,GBR,2017,2666229179958.01
United States,USA,2017,19485393853000
Uruguay,URY,2017,56488991831.0239
Uzbekistan,UZB,2017,59159945320.5667
Vanuatu,VUT,2017,880043553.748442
"Venezuela, RB",VEN,2017,NA
Vietnam,VNM,2017,223779865815.183
Virgin Islands (U.S.),VIR,2017,3855000000
West Bank and Gaza,PSE,2017,14498100000
"Yemen, Rep.",YEM,2017,26818703092.5852
Zambia,ZMB,2017,25868142076.7897
Zimbabwe,ZWE,2017,22813010116.1292
Afghanistan,AFG,2018,19362969582.3643
Albania,ALB,2018,15102500898.238
Algeria,DZA,2018,173757952824.25
American Samoa,ASM,2018,636000000
Andorra,AND,2018,3236543909.34844
Angola,AGO,2018,105750987618.63
Antigua and Barbuda,ATG,2018,1610574074.07407
Argentina,ARG,2018,519871519807.795
Armenia,ARM,2018,12433089919.0459
Aruba,ABW,2018,NA
Australia,AUS,2018,1433904348500.12
Austria,AUT,2018,455285818035.125
Azerbaijan,AZE,2018,46939529411.7647
"Bahamas, The",BHS,2018,12424500000
Bahrain,BHR,2018,37746196808.5106
Bangladesh,BGD,2018,274024958965.892
Barbados,BRB,2018,5145000000
Belarus,BLR,2018,59662495092.2654
Belgium,BEL,2018,542761092103.469
Belize,BLZ,2018,1871203164.08274
Benin,BEN,2018,10354274634.9108
Bermuda,BMU,2018,NA
Bhutan,BTN,2018,2446674101.3737
Bolivia,BOL,2018,40287647756.8741
Bosnia and Herzegovina,BIH,2018,20161865419.4327
Botswana,BWA,2018,18616018903.4434
Brazil,BRA,2018,1868626087908.48
British Virgin Islands,VGB,2018,NA
Brunei Darussalam,BRN,2018,13567351175.0315
Bulgaria,BGR,2018,65132951116.4756
Burkina Faso,BFA,2018,14124775068.569
Burundi,BDI,2018,3036931818.18182
Cabo Verde,CPV,2018,1976814276.50792
Cambodia,KHM,2018,24542474061.2426
Cameroon,CMR,2018,38675205293.0462
Canada,CAN,2018,1713341704877.01
Cayman Islands,CYM,2018,NA
Central African Republic,CAF,2018,2219894701.95124
Chad,TCD,2018,11273115239.4255
Channel Islands,CHI,2018,NA
Chile,CHL,2018,298231133532.749
China,CHN,2018,13608151864637.9
Colombia,COL,2018,331047040087.878
Comoros,COM,2018,1177955048.65299
"Congo, Dem. Rep.",COD,2018,47227535290.9218
"Congo, Rep.",COG,2018,11263682694.0393
Costa Rica,CRI,2018,60130106115.6294
Cote d'Ivoire,CIV,2018,43007047821.7541
Croatia,HRV,2018,60971699315.1776
Cuba,CUB,2018,100023000000
Curacao,CUW,2018,3127908037.85918
Cyprus,CYP,2018,24961988663.2026
Czech Republic,CZE,2018,245225882903.37
Denmark,DNK,2018,355675329085.952
Djibouti,DJI,2018,2955912228.22417
Dominica,DMA,2018,550892592.592593
Dominican Republic,DOM,2018,85555390387.0355
Ecuador,ECU,2018,108398058000
"Egypt, Arab Rep.",EGY,2018,250894760351.232
El Salvador,SLV,2018,26057000000
Equatorial Guinea,GNQ,2018,13432377049.5402
Eritrea,ERI,2018,NA
Estonia,EST,2018,30732144528.9795
Eswatini,SWZ,2018,4710618471.93167
Ethiopia,ETH,2018,84355604752.5299
Faroe Islands,FRO,2018,NA
Fiji,FJI,2018,5536759658.87012
Finland,FIN,2018,276743120515.764
France,FRA,2018,2777535239277.98
French Polynesia,PYF,2018,NA
Gabon,GAB,2018,16853589311.4139
"Gambia, The",GMB,2018,1632823198.95828
Georgia,GEO,2018,17599660629.0202
Germany,DEU,2018,3947620162502.96
Ghana,GHA,2018,65556464048.1539
Gibraltar,GIB,2018,NA
Greece,GRC,2018,218031844583.994
Greenland,GRL,2018,NA
Grenada,GRD,2018,1185925925.92593
Guam,GUM,2018,5920000000
Guatemala,GTM,2018,78460447919.9915
Guinea,GIN,2018,10907214993.5687
Guinea-Bissau,GNB,2018,1458156026.16376
Guyana,GUY,2018,3878662620.77146
Haiti,HTI,2018,9658721168.86849
Honduras,HND,2018,23969890430.7882
"Hong Kong SAR, China",HKG,2018,362682018243.286
Hungary,HUN,2018,157882912778.254
Iceland,ISL,2018,25878475760.1131
India,IND,2018,2718732231257.57
Indonesia,IDN,2018,1042173300625.55
"Iran, Islamic Rep.",IRN,2018,NA
Iraq,IRQ,2018,224228010477.889
Ireland,IRL,2018,382487490532.479
Isle of Man,IMN,2018,NA
Israel,ISR,2018,370587977153.583
Italy,ITA,2018,2083864259622.65
Jamaica,JAM,2018,15713908816.1463
Japan,JPN,2018,4971323079771.87
Jordan,JOR,2018,42231295774.6479
Kazakhstan,KAZ,2018,179339994859.384
Kenya,KEN,2018,87908262519.9164
Kiribati,KIR,2018,188284518.828452
"Korea, Dem. People’s Rep.",PRK,2018,NA
"Korea, Rep.",KOR,2018,1619423701169.63
Kosovo,XKX,2018,7938990793.20113
Kuwait,KWT,2018,140645364238.411
Kyrgyz Republic,KGZ,2018,8092836608.78875
Lao PDR,LAO,2018,17953786416.1431
Latvia,LVA,2018,34409229177.9105
Lebanon,LBN,2018,56639155555.5556
Lesotho,LSO,2018,2738786277.79392
Liberia,LBR,2018,3264000000
Libya,LBY,2018,48364208571.4286
Liechtenstein,LIE,2018,NA
Lithuania,LTU,2018,53429066429.1251
Luxembourg,LUX,2018,70885325883.0941
"Macao SAR, China",MAC,2018,55084050789.7182
Madagascar,MDG,2018,13853432868.227
Malawi,MWI,2018,7064971176.34408
Malaysia,MYS,2018,358581943446.259
Maldives,MDV,2018,5327457149.72581
Mali,MLI,2018,17163432832.0957
Malta,MLT,2018,14553422928.8831
Marshall Islands,MHL,2018,221278000
Mauritania,MRT,2018,5234817927.17087
Mauritius,MUS,2018,14220348672.7333
Mexico,MEX,2018,1220699479845.98
"Micronesia, Fed. Sts.",FSM,2018,401932279.019221
Moldova,MDA,2018,11443671435.9024
Monaco,MCO,2018,7184844192.63456
Mongolia,MNG,2018,13066749138.3261
Montenegro,MNE,2018,5504166666.66667
Morocco,MAR,2018,117921394402.361
Mozambique,MOZ,2018,14717223206.9
Myanmar,MMR,2018,71214803377.8284
Namibia,NAM,2018,14521711633.9533
Nauru,NRU,2018,125628504.250316
Nepal,NPL,2018,29040398982.3466
Netherlands,NLD,2018,913658465709.125
New Caledonia,NCL,2018,NA
New Zealand,NZL,2018,204923917869.355
Nicaragua,NIC,2018,13117845416.6297
Niger,NER,2018,9290938457.2883
Nigeria,NGA,2018,397269616080.908
North Macedonia,MKD,2018,12672131053.1578
Northern Mariana Islands,MNP,2018,1323000000
Norway,NOR,2018,434166615431.909
Oman,OMN,2018,79276723016.9051
Pakistan,PAK,2018,314588210501.063
Palau,PLW,2018,283994900
Panama,PAN,2018,65055100000
Papua New Guinea,PNG,2018,23497607690.1178
Paraguay,PRY,2018,40496953779.071
Peru,PER,2018,222044970486.217
Philippines,PHL,2018,330910343610.956
Poland,POL,2018,585663814824.044
Portugal,PRT,2018,240674524464.24
Puerto Rico,PRI,2018,101130900000
Qatar,QAT,2018,191362087912.088
Romania,ROU,2018,239552516744.469
Russian Federation,RUS,2018,1657554647149.87
Rwanda,RWA,2018,9508715596.4368
Samoa,WSM,2018,820491798.30076
San Marino,SMR,2018,NA
Sao Tome and Principe,STP,2018,422296762.322469
Saudi Arabia,SAU,2018,786521831571.957
Senegal,SEN,2018,24129599551.7869
Serbia,SRB,2018,50597289146.7041
Seychelles,SYC,2018,1590180446.19384
Sierra Leone,SLE,2018,4085114794.22324
Singapore,SGP,2018,364156657769.87
Sint Maarten (Dutch part),SXM,2018,NA
Slovak Republic,SVK,2018,105904632155.755
Slovenia,SVN,2018,54007972106.4629
Solomon Islands,SLB,2018,1395608472.01325
Somalia,SOM,2018,4720727278.18833
South Africa,ZAF,2018,368288939768.322
South Sudan,SSD,2018,NA
Spain,ESP,2018,1419041949909.82
Sri Lanka,LKA,2018,88900770857.6351
St. Kitts and Nevis,KNA,2018,1010822222.22222
St. Lucia,LCA,2018,1921848222.22222
St. Martin (French part),MAF,2018,NA
St. Vincent and the Grenadines,VCT,2018,811300000
Sudan,SDN,2018,40851536133.7642
Suriname,SUR,2018,3590753768.84422
Sweden,SWE,2018,556086488936.559
Switzerland,CHE,2018,705140354166.312
Syrian Arab Republic,SYR,2018,NA
Tajikistan,TJK,2018,7522947810.12326
Tanzania,TZA,2018,58001200572.3965
Thailand,THA,2018,504992757704.997
Timor-Leste,TLS,2018,2581000000
Togo,TGO,2018,5358722982.70893
Tonga,TON,2018,450353313.884584
Trinidad and Tobago,TTO,2018,23808146747.7994
Tunisia,TUN,2018,39871132267.9361
Turkey,TUR,2018,771350330455.267
Turkmenistan,TKM,2018,40761142857.1429
Turks and Caicos Islands,TCA,2018,1022312010
Tuvalu,TUV,2018,42587778.4724662
Uganda,UGA,2018,27461440192.3549
Ukraine,UKR,2018,130832374404.882
United Arab Emirates,ARE,2018,414178942592.479
United Kingdom,GBR,2018,2855296731521.96
United States,USA,2018,20544343456936.5
Uruguay,URY,2018,59596885024.3487
Uzbekistan,UZB,2018,50499921557.5105
Vanuatu,VUT,2018,914301119.28749
"Venezuela, RB",VEN,2018,NA
Vietnam,VNM,2018,245213686369.157
Virgin Islands (U.S.),VIR,2018,NA
West Bank and Gaza,PSE,2018,14615900000
"Yemen, Rep.",YEM,2018,26914402223.7828
Zambia,ZMB,2018,26720073435.9014
Zimbabwe,ZWE,2018,31000519447.175
